id,domain,status,purchase_price,renewal_price,attractiveness,demand,length,registrar,created_at,expires_at
00127b88-8fa4-4778-8657-561520602816,ifpossible.xxx,available,154.98,,64,1,11,namecheap,,
001298f7-25ed-41e5-b5bf-aabd3afababd,AOL.xxx,premium,,,76,17,3,,,
001bf9b6-b405-4fd4-bbf5-31a6c08faa51,mentalnote.xxx,available,154.98,,54,3,11,namecheap,,
001dd337-c755-45a1-b1c4-f0d3f0e1c074,hardwork.xxx,available,154.98,,76,10,9,namecheap,,
00220694-6d74-49d5-b2de-397893f9a9f8,allthetime.xxx,available,154.98,,60,3,12,namecheap,,
00260298-7144-4db8-97ee-2ad432373b99,justrewards.xxx,available,154.98,,56,3,12,namecheap,,
00503281-6198-49cc-9316-9d5f8fc4a387,midOctober.xxx,available,154.98,,80,1,11,namecheap,,
005537d0-49dd-4330-98df-35ba091e58e5,silhouettes.xxx,available,154.98,,52,5,11,namecheap,,
005771ef-010d-4b04-a50c-97fda87ea960,smashdown.xxx,available,154.98,,58,2,10,namecheap,,
005ae701-0614-4ad1-9850-ab7c275d42f4,makeme.xxx,available,154.98,,56,13,7,namecheap,,
0094f92e-afff-4834-9f72-cac6647d796a,stronger.xxx,available,154.98,,67,19,8,namecheap,,
0099d05a-60c9-45ab-b305-3d39fae64ace,IsleofThanet.xxx,available,154.98,,52,2,14,namecheap,,
00a30fc3-bc46-4577-86ea-fdcbbcc2943f,resteasy.xxx,available,154.98,,79,4,9,namecheap,,
00aa7105-dfb0-43ac-8b52-ee0224f943bc,fullfrontalnudity.xxx,available,154.98,,48,1,19,namecheap,,
00b1810f-3d59-4c5a-a140-a5d2d2f199ce,orderarms.xxx,available,154.98,,70,1,10,namecheap,,
00b300fd-8367-4298-9391-6e2085258430,wintertire.xxx,available,154.98,,76,2,11,namecheap,,
00bc2f71-d91b-4aa7-8f96-f002aa66bf7c,theseones.xxx,available,154.98,,42,1,10,namecheap,,
00c01668-343f-4488-b742-e085ad19469b,winback.xxx,available,154.98,,76,8,8,namecheap,,
00caa4a7-ad6d-4239-b8fa-3afeb37ccbc1,rages.xxx,available,154.98,,40,4,5,namecheap,,
00d4d5b4-b94f-405d-8a9b-2d0f37315495,perceiving.xxx,available,154.98,,74,3,10,namecheap,,
0101c224-60b8-46eb-b167-7ce51981ab97,toweather.xxx,available,154.98,,48,1,10,namecheap,,
010795d5-99ab-4fe2-ae1a-b4eb36af3b27,Fairs.xxx,available,154.98,,70,7,5,namecheap,,
010e4392-a3ba-4ce5-b61d-de6e7cf3de38,youwhat.xxx,available,154.98,,58,8,8,namecheap,,
010f4ec4-5c39-4988-9f23-fd8a8cd1b164,openfaced.xxx,available,154.98,,64,1,10,namecheap,,
01129495-2294-4bd6-a611-7c77077071a7,storms.xxx,available,154.98,,60,10,6,namecheap,,
011ca761-4c45-48bd-aab1-01b8d8b77f66,intheear.xxx,available,154.98,,66,2,10,namecheap,,
0123833b-d86a-4ae2-bc86-da220a4d0c70,pardonme.xxx,available,154.98,,62,4,9,namecheap,,
01268975-2e6f-4afa-acf4-42c5dc34c560,SantaClara.xxx,available,154.98,,75,9,11,namecheap,,
013b6bf8-2a25-40f2-82a7-cf741edcfedc,showingup.xxx,available,154.98,,59,4,10,namecheap,,
013e4116-d1dd-446d-a3e9-fb190186a529,closeofplay.xxx,available,154.98,,66,1,13,namecheap,,
0151c9bd-dba8-4c35-b8f9-3536d054216f,persistence.xxx,available,154.98,,72,12,11,namecheap,,
0157ca80-0bb2-4888-a6a7-a5bc60f8ab4b,gooutonalimb.xxx,available,154.98,,60,1,16,namecheap,,
015ccfec-1db3-4442-883b-905278745b31,rubbishbin.xxx,available,154.98,,68,2,11,namecheap,,
01645409-785c-4b86-ac0e-b991ccece2c2,resists.xxx,available,154.98,,52,2,7,namecheap,,
01746c0e-6f01-4eb9-acb9-d6e6b3b34fae,motherfuckah.xxx,available,154.98,,66,1,12,namecheap,,
017d062d-4ebc-48a1-bc97-3e49810df5c4,implying.xxx,available,154.98,,68,3,8,namecheap,,
018d8fe3-9b01-45fb-a7ca-320d0ac7c2cc,mothahfucker.xxx,available,154.98,,66,1,12,namecheap,,
01952650-f1de-4c5a-a260-e9ff809c74d3,Islands.xxx,available,154.98,,84,24,7,namecheap,,
019bd220-5ceb-4631-9e92-edbfd766082c,asthewindblows.xxx,available,154.98,,40,1,17,namecheap,,
019ddb97-17de-40aa-a957-b7f173173ee5,GreenPark.xxx,available,154.98,,72,8,10,namecheap,,
01b90b8a-8191-41d7-815a-62250baaab36,motherfugga.xxx,available,154.98,,66,1,11,namecheap,,
01befdd7-8885-4cc5-8033-bf6de9c33f9e,DalaiLamas.xxx,available,154.98,,62,0,11,namecheap,,
01d2f0e0-3888-45eb-9e46-db115b5800d4,inkind.xxx,available,154.98,,66,12,7,namecheap,,
01d86826-a6ea-4d7c-b921-c3ba1c467225,takeout.xxx,available,154.98,,75,16,8,namecheap,,
01e03208-3cc1-4bea-be2b-b31ae3cd4e88,puttogether.xxx,available,154.98,,83,4,12,namecheap,,
0203cc24-d4b1-4b66-b21c-e25cffa6b210,chairmen.xxx,available,154.98,,58,3,8,namecheap,,
0205b795-09be-49e2-9aed-03663d2c287a,multipurpose.xxx,available,154.98,,54,4,13,namecheap,,
020689be-22cb-459f-8386-24a2e069830a,fucksome.xxx,available,154.98,,62,2,8,namecheap,,
020dd13b-3b02-422b-bc2a-044dc7596b7d,carrymeout.xxx,available,154.98,,46,1,12,namecheap,,
0210d936-0b57-4ac4-8fa8-9a82ee3d075e,keyset.xxx,available,154.98,,52,3,7,namecheap,,
0213d3af-9dc4-45e0-9d83-c213f909476b,seemlike.xxx,available,154.98,,54,0,9,namecheap,,
021e861d-274b-4c4f-a3d1-4173eef83ec1,nails.xxx,resell,,,62,18,5,"GoDaddy.com, LLC",20/11/2022 19:35,20/11/2026 19:35
021eeff2-7208-423a-a4bb-038decb5ebcf,makenoise.xxx,available,154.98,,78,5,10,namecheap,,
022bf82d-d3ea-445c-a0f2-b531a5f1556a,SikhEmpire.xxx,available,154.98,,64,1,11,namecheap,,
022f9768-226f-469b-87da-8631a387b70f,passed.xxx,available,154.98,,62,6,6,namecheap,,
02377102-d340-4098-ba0b-bc787996dab1,personals.xxx,available,154.98,,47,8,9,namecheap,,
02401d7f-c7b9-434b-81cb-2df6dd06a6cf,goforgold.xxx,available,154.98,,74,5,11,namecheap,,
024d0b5d-40b8-43ae-bcf3-3fe361b1d537,acknowledged.xxx,available,154.98,,70,3,12,namecheap,,
0263e17c-a8c8-4fcb-bad3-1ccd8916dbdc,seperately.xxx,available,154.98,,48,1,10,namecheap,,
02661d9e-b3cb-4200-8483-07c3c814f937,Idodeclare.xxx,available,154.98,,58,2,12,namecheap,,
026be32a-6381-4572-ad37-705ef8b90297,keepwith.xxx,available,154.98,,48,2,9,namecheap,,
027d6aec-dfa6-4036-86f2-920f329e6a97,illuminated.xxx,available,154.98,,76,10,11,namecheap,,
02801c4f-ae07-4822-9ec4-c8fee5fbf985,forces.xxx,available,154.98,,82,12,6,namecheap,,
02861d69-25d8-4556-bec2-af6b63d3899c,Jewnose.xxx,available,154.98,,66,1,8,namecheap,,
0294d97a-1057-4855-b3f2-1d0a8b4fc069,sellthrough.xxx,available,154.98,,64,2,12,namecheap,,
029f382d-13e9-431b-b7a9-0c8e3f336b5b,researchers.xxx,available,154.98,,50,8,11,namecheap,,
02a069a2-6c37-44bb-9dd9-565afa63cc60,goodcheer.xxx,available,154.98,,60,2,10,namecheap,,
02aa4959-ab20-4581-8997-32bfc7306d2c,shares.xxx,available,154.98,,58,18,6,namecheap,,
02bf3cae-edaf-4f39-8b2a-f460684156e9,ovens.xxx,available,154.98,,55,6,5,namecheap,,
02c90a84-8b2b-4814-88f5-02d4fc4f273a,coffeemakers.xxx,available,154.98,,62,3,12,namecheap,,
02d0977e-af5c-4768-9713-ec5a78a0d097,pals.xxx,premium,620,,77,16,4,name.com,,
02d61ece-5f28-4a96-ba31-0d769f6f1840,GodSavetheKing.xxx,available,154.98,,76,12,17,namecheap,,
02fe4c7f-e478-4b67-953c-224b5175d635,hoho.xxx,available,154.98,,62,13,5,namecheap,,
03020f62-9b18-4a5f-8289-4813782853de,fanletter.xxx,available,154.98,,72,1,10,namecheap,,
0305853d-afe1-43bb-92f5-6be700b1e4bc,Frenchparsley.xxx,available,154.98,,66,1,14,namecheap,,
0322132d-750d-4202-aff7-c1148067806a,biggame.xxx,available,154.98,,78,11,8,namecheap,,
032b872a-f67c-4e95-973d-00f2cc3ca329,sums.xxx,available,154.98,,50,9,4,namecheap,,
033d487a-8f35-4def-a339-31dea647332a,thrilly.xxx,available,154.98,,71,2,7,namecheap,,
03411bc2-8471-4db6-ad9e-1d58cac55d2c,setfree.xxx,available,154.98,,80,8,8,namecheap,,
03583f90-e5ee-4509-b00d-9cbf8c4fb366,stagingarea.xxx,available,154.98,,68,4,12,namecheap,,
035b66f6-b818-4d22-b405-d1e20e6935b5,remedied.xxx,available,154.98,,58,1,8,namecheap,,
03712ee0-e3eb-4de6-91f1-572407a4c70f,TempleCity.xxx,available,154.98,,67,4,11,namecheap,,
0373ae5f-0ae6-44e5-99d9-1511d4d44935,finalreckoning.xxx,available,154.98,,58,2,15,namecheap,,
038118ae-31c5-4d55-8ff2-350052874565,comeintoforce.xxx,available,154.98,,66,2,15,namecheap,,
03c5b9a4-3361-406e-8d23-292776e58b2e,inthelightof.xxx,available,154.98,,52,1,15,namecheap,,
03d7d573-fdb0-4842-b139-6d3885d0a9de,surfers.xxx,available,154.98,,57,10,7,namecheap,,
03da2982-36a0-4bf6-a7a9-2217eb12ba98,units.xxx,available,154.98,,56,16,5,namecheap,,
03e76092-ce5e-458e-ba73-f5179509ee42,rakeup.xxx,available,154.98,,66,2,7,namecheap,,
03f10f45-a7ff-45d8-bc27-64f3cd0e6a43,potatochip.xxx,available,154.98,,74,3,11,namecheap,,
03f48a37-82db-4455-a44a-0d1275f76cf0,nowandagain.xxx,available,179.99,,56,2,13,name.com,,
03fb80cd-39d6-4f1c-ad7b-2751b9befe2a,makelemonade.xxx,available,154.98,,72,5,13,namecheap,,
03fb9687-f951-49ca-b608-dfb35276a5ba,patientcare.xxx,available,154.98,,79,8,11,namecheap,,
03fecc90-b880-4d03-a1cf-546b429dbc65,getthepoint.xxx,available,154.98,,71,3,13,namecheap,,
041a6267-7353-47e8-a3bc-9dbf5713dc0a,getoutofhere.xxx,available,154.98,,70,1,15,namecheap,,
041e2481-7288-4357-a575-93eb152e904b,Iknow.xxx,available,154.98,,58,21,6,namecheap,,
0454c548-3989-45f7-9339-37a0214180bf,rubyred.xxx,available,154.98,,76,15,8,namecheap,,
045a0a57-edcc-48ef-a57a-015734b6a8f4,mouthoff.xxx,available,154.98,,65,2,9,namecheap,,
045feeb8-d7ad-4a2b-bb8d-581dd85ffdc1,photographers.xxx,available,154.98,,47,10,13,namecheap,,
046537dc-60a9-4595-90b8-8febea39e934,chiaseed.xxx,available,154.98,,78,3,9,namecheap,,
0468f946-a952-4551-9e19-f2dbd58a1255,powerstrip.xxx,available,154.98,,78,3,11,namecheap,,
04701aa6-133a-4c85-a034-12d4d6aaeda0,tartarsauce.xxx,available,154.98,,76,2,12,namecheap,,
04859fd1-00ab-4829-92b6-199484b41f69,DalaiLama.xxx,available,154.98,,84,11,10,namecheap,,
049c356f-262f-41a1-b8b8-c32213aa92ce,sitloose.xxx,available,154.98,,62,2,9,namecheap,,
04a904ae-c67a-433a-917c-71b88ecfec0a,neighbors.xxx,available,154.98,,63,17,9,namecheap,,
04b4428a-9e62-4a5f-848d-d22de0aa4650,principles.xxx,available,154.98,,58,27,10,namecheap,,
04ba04aa-5a26-4c36-a923-4b7380069bd2,makesout.xxx,available,154.98,,56,1,9,namecheap,,
04c1cf52-a1c0-4720-a329-bcf490192a6d,goupstairs.xxx,available,154.98,,68,1,11,namecheap,,
04c245e6-4b64-4fec-a02d-2a3370191757,therewego.xxx,available,154.98,,56,2,11,namecheap,,
04cd5ebb-c7e6-41b4-b303-fef89d4ee544,femalealpha.xxx,available,154.98,,72,1,12,namecheap,,
04cea390-0498-4442-b26c-c68a753990a9,dateofbirth.xxx,available,154.98,,66,2,13,namecheap,,
04e6e515-bf84-46f1-af88-4fc211cb22a6,anarmandaleg.xxx,available,154.98,,60,6,16,namecheap,,
04f59717-144c-43e4-b3bb-d7dc274deea1,ofchoice.xxx,available,154.98,,58,1,9,namecheap,,
04ff10b6-a0eb-45c1-a544-aa7bb2526002,haveyoumetme.xxx,available,154.98,,44,1,15,namecheap,,
0501e9cb-77b9-4b31-82b3-fdb40b080d99,prosecution.xxx,available,154.98,,68,9,11,namecheap,,
050f3fd4-8cd4-41e6-af19-ff8486269b16,Zulutime.xxx,available,154.98,,68,3,9,namecheap,,
05150576-4373-42ff-831c-2343cda289e6,lights.xxx,available,154.98,,76,21,6,namecheap,,
05162d5c-54f0-4082-bb08-bc5151375a90,takeonboard.xxx,available,154.98,,76,1,13,namecheap,,
0519455e-9cf8-4814-a0ea-549c7c684cce,paintpot.xxx,available,154.98,,72,2,9,namecheap,,
051abbdc-2b3a-4a9f-b3b6-b694f44c57b1,sanded.xxx,available,154.98,,66,1,6,namecheap,,
052177aa-819e-49f0-a366-4ea4f3943eaa,abouttime.xxx,available,154.98,,64,9,10,namecheap,,
053ab25a-2686-430a-bd88-4387018311fe,heroes.xxx,available,154.98,,68,29,6,namecheap,,
0542f06a-5e0f-48b4-bb45-7c1781c1e386,abiders.xxx,available,154.98,,70,2,7,namecheap,,
0549a0ea-5d4b-4780-9caf-a1b81e4ff9ef,oysters.xxx,available,154.98,,57,9,7,namecheap,,
054a9650-224d-4f28-81b6-48bef5bfc7f5,allseasontire.xxx,available,154.98,,72,1,15,namecheap,,
054eae6e-5bc8-4aaa-9bf0-6619803004e9,adrenalinrush.xxx,available,154.98,,72,1,14,namecheap,,
0571a11b-b2cb-47b6-9746-1c80ec54c070,NewEngland.xxx,available,154.98,,70,15,11,namecheap,,
057d2f45-08d4-4229-9065-c002d44543ef,goby.xxx,available,154.98,,74,9,5,namecheap,,
059c4071-550a-49c2-9704-37cd1554025e,pads.xxx,available,154.98,,68,10,4,namecheap,,
05b66c4e-c1c7-4a2a-b672-7d65c7d73b2d,sexhair.xxx,available,154.98,,62,3,8,namecheap,,
05da2b84-a963-4c5c-8d92-878bc26f66c9,campaigning.xxx,available,154.98,,72,6,11,namecheap,,
05ecd1d5-0efa-45a9-905b-3afc652be22b,stores.xxx,premium,310,,62,20,6,name.com,,
060c66cb-df47-4e0e-9873-198b2c06c425,talktime.xxx,available,154.98,,72,10,9,namecheap,,
060f4fc4-b0c0-47ff-a0e7-80db414233cd,Jews.xxx,available,154.98,,50,12,4,namecheap,,
0611d1a3-8b07-4dc6-9907-5bbbaf60c92f,wanttobet.xxx,available,154.98,,62,1,11,namecheap,,
0623b894-184c-44d0-be6e-37284cc6c4b0,whatitis.xxx,available,154.98,,38,9,10,namecheap,,
06256168-cbfc-4e85-9489-42d6a1e82252,usernames.xxx,available,154.98,,52,6,9,namecheap,,
062c162b-07fd-4910-8e0c-800b97be0cbc,spellingbook.xxx,available,154.98,,48,1,13,namecheap,,
06339eed-bc60-4639-b554-6d6037cb2554,Xrated.xxx,premium,347.2,347.2,58,9,7,namecheap,,
063ce217-cdcb-40d0-8b70-1be13bc59e5d,providingthat.xxx,available,154.98,,46,1,14,namecheap,,
06527b98-6b2b-4bda-b577-61d70a225478,offof.xxx,available,154.98,,50,1,6,namecheap,,
06533372-4242-4c3c-8d7c-d4a97d4f14e2,ties.xxx,available,154.98,,59,9,4,namecheap,,
06571ad8-1af2-4677-9597-fd5d38f24d1c,owning.xxx,available,154.98,,52,7,6,namecheap,,
065a09af-7ce3-40c3-b7d2-ef16fbf90bcb,Iwillyeah.xxx,available,154.98,,58,7,11,namecheap,,
06709f60-e842-4b3e-abb5-ee4702053478,Curves.xxx,premium,347.2,347.2,51,11,6,namecheap,,
06801567-458c-4034-87b1-ab46eb7ae7eb,leasing.xxx,available,154.98,,70,19,7,namecheap,,
0685f8c0-1932-4073-974a-62d1ff5954c6,yielded.xxx,available,154.98,,56,3,7,namecheap,,
0691465b-aac2-46b0-aaee-f6c85c94853a,Ryan.xxx,available,154.98,,60,44,4,namecheap,,
069a55c3-7920-4329-91db-344aaa2824d9,scoops.xxx,available,154.98,,54,9,6,namecheap,,
06c228cb-ddd1-40ec-9c88-a6e25db00f42,howareyoudoing.xxx,available,154.98,,58,5,17,namecheap,,
06c3cc45-2d1c-4fd2-a7c5-9ea194c7988c,profiled.xxx,available,154.98,,52,7,8,namecheap,,
06d12096-74d3-44d3-a1ab-292b5a666201,holds.xxx,available,154.98,,56,7,5,namecheap,,
06d455f4-8a61-4879-a676-62a5caa90a99,recommending.xxx,available,154.98,,58,3,12,namecheap,,
06f2beb8-13e9-496a-8f59-a19f822c9936,mouthfeel.xxx,available,154.98,,72,4,10,namecheap,,
0714c000-27b2-4af4-9438-104ffadc645f,wafers.xxx,available,154.98,,54,4,6,namecheap,,
07160138-6ffe-47bc-b202-146b6c8c99e1,railways.xxx,available,154.98,,51,6,8,namecheap,,
0717eb97-8b09-482a-a219-4ad0a47c13b0,FabFour.xxx,available,154.98,,82,3,8,namecheap,,
071ce47d-b0bb-4926-8e70-bd266e47509a,papershop.xxx,available,154.98,,70,4,10,namecheap,,
0738ebfa-d309-4e46-bc54-76d4dfff99a1,saveit.xxx,available,154.98,,74,13,7,namecheap,,
0752e397-7ba6-442b-9541-cc99f7460423,takecareof.xxx,available,154.98,,80,11,12,namecheap,,
07559ce4-a2b7-4459-9c1b-95111c11c808,workethic.xxx,available,154.98,,74,4,10,namecheap,,
076b2bf6-e938-4d5d-9e2a-13bb5718cc68,youknowwhat.xxx,available,154.98,,34,8,13,namecheap,,
07755ea4-4a0f-41e5-948c-ed4373da5332,continuously.xxx,available,154.98,,56,8,12,namecheap,,
0790f919-f0f9-40ae-9cb2-c11fbd03217f,manages.xxx,available,154.98,,56,3,7,namecheap,,
07a19a13-8027-4c01-b90c-df61e81bfc0e,childdevelopment.xxx,available,154.98,,48,4,17,namecheap,,
07afee49-a36d-4be2-a9c8-dcecd864a55f,MiddleAmerica.xxx,available,154.98,,54,2,14,namecheap,,
07c857ed-cdd8-4301-a95b-70e937a834bd,demoted.xxx,available,154.98,,46,1,7,namecheap,,
07d999e1-779d-493d-b308-785625534c8c,lightningstrike.xxx,available,154.98,,60,4,16,namecheap,,
07dada7a-cfb5-4afb-8ccd-712a321a58af,closeorder.xxx,available,154.98,,66,1,11,namecheap,,
07e582b7-d050-4a74-8693-d97b51be7aab,getsome.xxx,available,154.98,,76,19,8,namecheap,,
07ea1b6a-db98-4c7c-8973-311054de24e6,finalsay.xxx,available,154.98,,76,3,9,namecheap,,
080cec46-21d2-4f2f-9bfb-9f54919a3fb4,batup.xxx,available,154.98,,48,3,6,namecheap,,
0827fe99-2ba8-4425-a044-9ef20669be51,pairingoff.xxx,available,154.98,,50,0,11,namecheap,,
083945c9-45c4-4ae8-97af-2aeffb05e567,generalpublic.xxx,available,154.98,,66,5,14,namecheap,,
0878d44d-2497-4a9d-b6e0-188a1acb4aa2,makethefirstmove.xxx,available,154.98,,70,2,19,namecheap,,
087e9310-0f81-46f5-898a-44358e9c6c88,accountreceivable.xxx,available,154.98,,62,1,18,namecheap,,
08801535-54c7-4708-a8ca-b183b2da9e4c,swimsuits.xxx,available,154.98,,62,5,9,namecheap,,
089c436d-0672-43cb-b72b-75762daba5cf,independenceday.xxx,available,154.98,,78,7,16,namecheap,,
08b86208-6dfe-4142-abd6-579f8a30bb9a,blooddonation.xxx,available,154.98,,78,2,14,namecheap,,
08decffe-7342-45a3-895b-65b90a7be607,shalt.xxx,available,154.98,,56,1,5,namecheap,,
08e94c19-54dc-4031-bf78-0e0207d1d9ed,keepclear.xxx,available,154.98,,58,2,10,namecheap,,
08fcc108-9953-498d-9fff-c6724b73f8ab,lookupanddown.xxx,available,154.98,,50,2,16,namecheap,,
0906f575-22db-4080-ae31-d90bbcdd2bc0,letitalone.xxx,available,154.98,,80,1,12,namecheap,,
091fdce1-d17f-41dc-a5c2-ed437eea55b0,introduced.xxx,available,154.98,,72,4,10,namecheap,,
0920757b-7c90-47cf-873f-21b1effc4656,prescription.xxx,available,154.98,,70,15,12,namecheap,,
09286b0a-980d-495a-a234-4b73b2bc571f,givethanks.xxx,available,154.98,,58,5,11,namecheap,,
093518da-f3d5-4fa9-8033-0e5266bd9d34,JesusChrist.xxx,premium,,,88,22,12,,,
09407213-4299-4a14-96ba-17635164d40a,gotowards.xxx,available,154.98,,68,1,10,namecheap,,
09486e28-8cdb-4c3f-bff5-b0f71011f894,scooped.xxx,available,154.98,,48,5,7,namecheap,,
095a8702-dbf3-43da-92cc-ccf445681f85,restassured.xxx,available,154.98,,82,6,12,namecheap,,
095e164b-7680-4e09-acb7-5d706a81c21f,evenif.xxx,available,154.98,,60,3,7,namecheap,,
096b8d9f-0535-469a-9846-6bb55cefc1ae,windowseat.xxx,available,154.98,,78,7,11,namecheap,,
09788b72-b28c-4d6c-8777-1bf86e87f36c,whatthe.xxx,available,154.98,,58,16,8,namecheap,,
097ad2e4-790d-48be-99cd-ba0b4ae5bebb,upandabout.xxx,available,154.98,,66,1,12,namecheap,,
09a396e2-fc3c-4d35-981d-c3bc6ebc68b2,coffeedout.xxx,available,154.98,,76,1,11,namecheap,,
09ba4652-e1fe-4e2e-8918-3c8c1b66c670,troublefree.xxx,available,154.98,,66,6,12,namecheap,,
09be1661-fb1f-4bf1-96c7-531506e38617,littleperson.xxx,available,154.98,,70,3,13,namecheap,,
09d6ada6-e1e1-4dec-8de3-f7a1d23f1983,rightatrium.xxx,available,154.98,,62,7,12,namecheap,,
09dfb3e8-2000-40cd-80d9-705dc521cbd9,fundamentalism.xxx,available,154.98,,58,2,14,namecheap,,
09e01e11-ea05-4c01-9a56-66065e930959,Itellalie.xxx,available,154.98,,58,1,12,namecheap,,
09e6be02-5b3f-424a-b8c8-0096ec297a76,turnabout.xxx,available,154.98,,72,4,10,namecheap,,
09e91d4f-d18c-48e7-b0c8-42c1a05d6a4d,putitabout.xxx,available,154.98,,69,1,12,namecheap,,
09ec3875-e6bb-4c19-8be9-70a6a82b3c52,makeuse.xxx,available,154.98,,78,1,8,namecheap,,
09f5f476-89b8-45b3-b0d7-d05fcb6b56eb,overanxious.xxx,available,154.98,,64,1,12,namecheap,,
0a0c0142-3d63-47d6-bfc2-233a36230b31,gobelow.xxx,available,154.98,,72,0,8,namecheap,,
0a0cdc49-583e-4775-a332-210d4548037a,manyandvarious.xxx,available,154.98,,46,2,16,namecheap,,
0a0d3747-d538-455e-a74f-6cf6d7de8bb1,switches.xxx,available,154.98,,58,7,8,namecheap,,
0a3ee8a6-7554-479f-94db-10f5e773189a,chiefsofstate.xxx,available,154.98,,42,1,15,namecheap,,
0a4655c1-cb3b-426d-af16-ee81ba3997a7,theories.xxx,available,154.98,,58,6,8,namecheap,,
0a493100-ed76-4705-8e0f-ed00726c95ab,authorityfigure.xxx,available,154.98,,60,1,16,namecheap,,
0a6f9b22-1700-40ed-bd0f-e464e3b4af81,Ihavecancer.xxx,available,154.98,,44,2,13,namecheap,,
0a7cc358-6bfe-4675-bf8c-9f66f6463979,seeabout.xxx,available,154.98,,74,1,9,namecheap,,
0a7d170a-70fc-4b52-8a16-9439d1160cfb,releasecandidate.xxx,available,154.98,,66,1,17,namecheap,,
0a84a469-eacf-499b-a2a1-aa7881ff5a7b,subjectmatter.xxx,available,154.98,,64,9,14,namecheap,,
0a94c170-b887-4eff-a3d6-52c07edf2569,poreover.xxx,available,154.98,,62,1,9,namecheap,,
0aa29227-e402-4f1d-be8d-ed05f508dee9,toweloff.xxx,available,154.98,,70,1,9,namecheap,,
0ac80bc5-8464-4732-8e95-87b1c5c126b0,youknowit.xxx,available,154.98,,88,3,11,namecheap,,
0ac8842e-542e-4ea2-9b24-e21146b55070,makings.xxx,available,154.98,,70,3,7,namecheap,,
0ad17a16-6d66-4920-91b2-c59e84c1e002,attable.xxx,available,154.98,,72,3,8,namecheap,,
0af88741-beb5-4037-af35-e3c3e45e4c32,calculation.xxx,available,154.98,,70,8,11,namecheap,,
0b1ba3f2-7fc6-4ae9-90a9-f1d7acefb6cb,recessions.xxx,available,154.98,,46,2,10,namecheap,,
0b1ff775-4e3d-4a7f-abd1-4b33cb675d3b,freemarket.xxx,available,154.98,,76,9,11,namecheap,,
0b26f863-a7e5-4251-9b6c-b51bcdf2f0b5,abided.xxx,available,154.98,,70,1,6,namecheap,,
0b328514-2743-4ea1-a0aa-670913a5c016,grandmothers.xxx,available,154.98,,68,3,12,namecheap,,
0b33f13c-2e27-4b9a-b4ef-da8284b92392,Germanpotatosalad.xxx,available,154.98,,56,1,19,namecheap,,
0b3acc03-ccaf-4190-9e04-ede5d0e1f714,leavenocrumbs.xxx,available,154.98,,70,1,15,namecheap,,
0b692490-dfde-4016-a4da-830f1600212c,gearchange.xxx,available,154.98,,74,2,11,namecheap,,
0b6980bf-d7c5-4900-a1a0-dbf1b7dfdbff,Lordhavemercy.xxx,available,154.98,,54,2,15,namecheap,,
0b70ccba-2800-4793-a005-0f0ff3400732,takeaways.xxx,available,154.98,,56,5,9,namecheap,,
0b855edb-b745-4106-8f56-86b60740617b,IwishImaybeshot.xxx,available,154.98,,44,1,20,namecheap,,
0b8fa942-8bb1-4c6f-be04-084f6df68903,buses.xxx,available,154.98,,58,10,5,namecheap,,
0bb8bb51-e4ec-4cbd-8d98-409298e45769,reflexively.xxx,available,154.98,,56,2,11,namecheap,,
0bd64704-7531-4089-90ca-789c5aec1351,foes.xxx,available,154.98,,46,6,4,namecheap,,
0bd924c0-6420-4453-98cd-0274b3bcea65,asyet.xxx,available,154.98,,56,11,6,namecheap,,
0be29c55-8c95-4f57-b9b7-9a33e04c003b,turnsup.xxx,available,154.98,,56,1,8,namecheap,,
0bf1a643-5e6d-4620-beef-2026a20d2f5b,happier.xxx,available,154.98,,62,16,7,namecheap,,
0bf1bab6-de46-4c00-a216-6c73e55e95ac,togetherwith.xxx,available,154.98,,50,3,13,namecheap,,
0bf7398d-3770-4cd7-99c8-5d2638fef00e,prayed.xxx,available,154.98,,62,4,6,namecheap,,
0c2e5a36-016e-42df-ac5c-5b7947f68dfb,permitted.xxx,available,154.98,,64,5,9,namecheap,,
0c4d6770-feba-420b-97bc-f538ebcc4c52,seems.xxx,available,154.98,,58,8,5,namecheap,,
0c552efa-adef-4a2e-832b-1bbab5433d6e,fasttracking.xxx,available,154.98,,48,3,13,namecheap,,
0c610423-e331-4bce-9c2f-5f74f61c5027,coffeeman.xxx,available,154.98,,80,4,9,namecheap,,
0c61daca-e942-41b3-a747-a6b1eade44b5,goforthegold.xxx,available,154.98,,66,2,15,namecheap,,
0c82e3af-80b1-428a-a8ac-d7949901ab47,systems.xxx,available,154.98,,46,27,7,namecheap,,
0c84599c-26cb-46d0-9097-31382f33460b,adding.xxx,available,154.98,,76,6,6,namecheap,,
0c94cd4a-1b45-4c7d-8639-89cd959895c2,moneyeconomy.xxx,available,154.98,,74,1,13,namecheap,,
0ca36abf-8978-47af-a689-bdce9f4fcdbb,redial.xxx,available,154.98,,71,6,6,namecheap,,
0ca76ed8-3a60-4cb2-a24a-21efb239b1d4,givesomethingatry.xxx,available,154.98,,68,1,20,namecheap,,
0caddf7c-da01-4981-a67e-4f4065e180de,comedies.xxx,available,154.98,,56,3,8,namecheap,,
0cb0a48a-756a-4cff-84bd-4266701258ff,mistakes.xxx,available,154.98,,52,7,8,namecheap,,
0cb1f638-ff96-473e-b206-fdd20d656da3,socialstatus.xxx,available,154.98,,64,6,13,namecheap,,
0ceb474c-3b78-48d1-83b5-326e2dbd1ed9,disorganised.xxx,available,154.98,,58,1,12,namecheap,,
0cf827f9-7aac-4842-8c77-f720226451f1,IhopeImaybeshot.xxx,available,154.98,,44,1,20,namecheap,,
0cf933d5-fab3-4160-8eaf-0a1b812a1ea1,springtime.xxx,available,154.98,,74,8,11,namecheap,,
0d051f51-0d36-41e0-9881-c243b7dd69fc,bicycles.xxx,available,154.98,,68,9,8,namecheap,,
0d06776c-a21a-4d1a-a29a-2c804979b221,youneverknow.xxx,available,154.98,,40,4,14,namecheap,,
0d0fb86f-23a1-4b0c-8019-d344c6a98cca,arrests.xxx,available,154.98,,46,5,7,namecheap,,
0d1afc61-4bde-4e8e-9cec-d16c6ad14cb6,clothingbin.xxx,available,154.98,,68,1,12,namecheap,,
0d1f2ecb-0250-4efa-bde0-78a8e3493fdb,phases.xxx,available,154.98,,54,10,6,namecheap,,
0d23c552-f2ba-4053-9303-2a6219c071da,nationaldebt.xxx,available,154.98,,56,3,13,namecheap,,
0d3bea82-2ded-4298-98f2-13bcb1dba41c,drivethru.xxx,available,154.98,,76,10,10,namecheap,,
0d5a83f9-0138-447c-83fb-03cf7ea05aee,getoutofDodge.xxx,available,154.98,,62,1,16,namecheap,,
0d644065-06e7-4474-93f7-923ce44bc553,longago.xxx,available,154.98,,68,3,8,namecheap,,
0d6c0327-0112-40ac-82d7-a8949e1d0480,bottoms.xxx,available,154.98,,60,7,7,namecheap,,
0d6d7ff5-919b-4034-a2f9-f45fe3685e52,sketchout.xxx,available,154.98,,76,4,10,namecheap,,
0d6fcffb-dc26-47e1-9aaf-703d6bc2c51d,keepthepeace.xxx,available,154.98,,68,2,14,namecheap,,
0d72abff-8ae7-43ad-a2ef-7f63187af7a7,strikeablow.xxx,available,154.98,,70,0,13,namecheap,,
0dacfa14-ddb2-4740-89f2-303153db9133,geese.xxx,available,154.98,,53,10,5,namecheap,,
0dd4b85d-f141-4504-8202-c9276c5b7dc8,wellmanaged.xxx,available,154.98,,60,4,12,namecheap,,
0dd7f268-ee15-447c-a40f-881c6a2dae3a,gardencentre.xxx,available,154.98,,70,3,13,namecheap,,
0dd858d8-9551-4398-876d-dc73635c7374,generallyspeaking.xxx,available,154.98,,58,2,18,namecheap,,
0de3a0fa-e893-4856-a13d-b18b7ab7ce92,cometoaboil.xxx,available,154.98,,62,1,14,namecheap,,
0de916eb-29d0-43fa-aa7c-475b615b01a0,forestfire.xxx,available,154.98,,62,5,11,namecheap,,
0dfdad69-cba9-45ed-a8fb-f7c4a2506a88,flashdoor.xxx,available,154.98,,50,0,10,namecheap,,
0e17da30-07ae-48c5-b4e0-5386b88a993c,aliehasnolegs.xxx,available,154.98,,50,1,17,namecheap,,
0e1d506c-bcb9-471d-bc1f-aad4cc06e12b,cheesecakes.xxx,available,154.98,,60,4,11,namecheap,,
0e36ceee-b6cb-49fe-9b1b-5af9c34ade0d,sentences.xxx,available,154.98,,60,5,9,namecheap,,
0e45cc9d-63ab-4905-b5eb-3a7c68fb0397,breeds.xxx,available,154.98,,60,4,6,namecheap,,
0e63c745-07c3-45de-8d93-b03065fd0d13,writedown.xxx,available,154.98,,76,3,10,namecheap,,
0e7f9640-cd68-4918-bcf2-e753524f8f06,playdate.xxx,available,154.98,,84,16,9,namecheap,,
0e85cb19-e276-4de8-a419-7d172da6da0e,engineers.xxx,available,154.98,,60,19,9,namecheap,,
0e85db69-0040-4061-bfaa-a0f403a4773d,quizzes.xxx,available,154.98,,54,8,7,namecheap,,
0e93b84e-3bea-447f-9584-ccd9454744e3,snowed.xxx,available,154.98,,52,3,6,namecheap,,
0e9c2b20-085c-4493-8591-22bba5b3b0fd,thisminute.xxx,available,154.98,,55,1,11,namecheap,,
0ecc0dd3-a435-42dc-a107-7fcbd79b5104,talkedabout.xxx,available,154.98,,66,1,12,namecheap,,
0edb2e73-0b2a-4a4d-89db-206df5612133,whitesmoke.xxx,available,154.98,,64,12,11,namecheap,,
0ee39c4f-d045-40c6-8f64-d9b65e60332c,postponement.xxx,available,154.98,,57,1,12,namecheap,,
0eec36cf-8140-4de9-a5a5-18550cc0a76b,makewaves.xxx,available,154.98,,78,8,10,namecheap,,
0f22b7df-ef50-4bc0-bf7e-f6e9a18ae9d0,littlepeople.xxx,available,154.98,,70,4,13,namecheap,,
0f363f35-8ac7-431c-852b-8650643dea82,haveworkdone.xxx,available,154.98,,62,1,14,namecheap,,
0f432aa9-ca06-4c02-aa70-728cd0298235,coffeetablebook.xxx,available,154.98,,72,1,17,namecheap,,
0f55bf0c-492c-42fb-b59e-19eabe1bc683,fruitjuice.xxx,available,154.98,,80,3,11,namecheap,,
0f6a7068-0394-4525-9590-679624aed752,wins.xxx,available,154.98,,68,21,4,namecheap,,
0f6b897f-cc1c-48e6-87ec-a38dddb7b203,besupposedto.xxx,available,154.98,,60,1,14,namecheap,,
0f6dbd7b-53c0-4683-b895-7f026acdfc10,killedinaction.xxx,available,154.98,,34,1,16,namecheap,,
0f7f8b28-86ff-494f-9cea-c0ae9e6845f1,howaboutno.xxx,available,154.98,,70,1,12,namecheap,,
0fa2f65c-4bfd-4f98-ba77-31aebc9d128d,grandchildren.xxx,available,154.98,,60,3,13,namecheap,,
0fa615b8-72fa-4296-8fa6-458a2de2e85d,neighbours.xxx,available,154.98,,53,7,10,namecheap,,
0fae9bfd-b91b-4861-86c2-94680ad44b4c,longlasting.xxx,available,154.98,,68,3,12,namecheap,,
0fb66ad3-796a-46d9-b088-97b8885874c3,proceeded.xxx,available,154.98,,60,2,9,namecheap,,
0fb9501c-043d-4468-b635-992d007c7bef,carols.xxx,available,154.98,,56,7,6,namecheap,,
0fc5c2b7-bb12-4d36-8662-00aa9ba25818,gopublic.xxx,available,154.98,,70,6,9,namecheap,,
0fd0a373-0dda-4488-86ea-c6b1b8d3763d,stepdown.xxx,available,154.98,,74,2,9,namecheap,,
0ff05eb2-4031-4b74-bda3-1059642d1381,watches.xxx,available,154.98,,84,19,7,namecheap,,
0ff9df65-5e27-4cbf-b235-733693c5cd4a,modernschool.xxx,available,154.98,,48,2,13,namecheap,,
1007f2cd-f4fc-4f56-adab-39547b2eb27e,reassures.xxx,available,154.98,,56,1,9,namecheap,,
100c96da-fa86-4796-bb0d-a96be5db414e,NewChicago.xxx,available,154.98,,63,1,11,namecheap,,
1012219c-d120-49ba-94d3-a9c6f091d637,deadofwinter.xxx,available,154.98,,34,2,14,namecheap,,
10145b43-29a6-41a8-a893-18ec4d4dce0d,slipitto.xxx,available,154.98,,64,1,10,namecheap,,
103db91d-9b0c-456d-ba8b-54ec87ee0edb,proportions.xxx,available,154.98,,76,3,11,namecheap,,
104497b3-b154-4acb-a816-c41ec5ea5391,getthroughto.xxx,available,154.98,,49,1,14,namecheap,,
10499416-ed3f-4a69-8129-08df7bb18aa1,references.xxx,available,154.98,,58,9,10,namecheap,,
10508656-72aa-4e9e-a324-1f29872e8faa,spontaneity.xxx,available,154.98,,76,4,11,namecheap,,
105b4221-511f-40d4-a462-ba4ed05f77cb,BlackThursday.xxx,available,154.98,,44,1,14,namecheap,,
1065fde3-2c97-4067-8225-1263a73914d4,Canadas.xxx,available,154.98,,52,6,7,namecheap,,
10695759-522d-4b9e-954e-099e336c4150,shortest.xxx,available,154.98,,54,6,8,namecheap,,
107adb31-6b7a-472c-8669-ae8e8ca8ddab,diminishing.xxx,available,154.98,,67,2,11,namecheap,,
107c9853-142d-4224-934d-e6a632efae7b,tossacoin.xxx,available,154.98,,73,7,11,namecheap,,
109002a8-e900-4e5a-aae2-360d0e7d07ae,commonsense.xxx,available,154.98,,86,30,12,namecheap,,
1090b01b-fb95-40a2-a53c-14346600ad4b,overtheboard.xxx,available,154.98,,62,3,14,namecheap,,
10a3f73a-e0c5-42a9-8fd8-23b93e2bb567,rumoured.xxx,available,154.98,,50,2,8,namecheap,,
10a6d205-994a-4a58-a893-f8a9de162888,gotothewashroom.xxx,available,154.98,,56,1,18,namecheap,,
10ad9180-507b-4477-be7e-1a5a9dd7605e,lies.xxx,available,154.98,,60,12,4,namecheap,,
10bd21e6-5fb5-420f-b371-78e724d93ffc,Ifeelyou.xxx,available,154.98,,58,4,10,namecheap,,
10df50e2-1697-440d-a66e-bcca7cc0bc67,coffeemaker.xxx,available,154.98,,80,6,12,namecheap,,
10e28faa-6591-4833-af42-0f7f68763527,throws.xxx,available,154.98,,52,5,6,namecheap,,
10edeffa-07a0-4e7e-8a6f-0f3265d8f4c0,bedlinen.xxx,available,154.98,,78,4,9,namecheap,,
10f0d530-caaf-49ad-a802-fa8edce142ce,coldrubber.xxx,available,154.98,,62,4,11,namecheap,,
10f14185-88bd-424b-94a8-ae4b3f1b1829,goforit.xxx,available,154.98,,76,11,9,namecheap,,
10f2c5bb-6754-4d10-a84f-c683d75d1042,smirks.xxx,available,154.98,,46,3,6,namecheap,,
11113443-2ace-40d5-bb4a-9371988d366f,grayhaired.xxx,available,154.98,,64,5,11,namecheap,,
111dd60d-8df3-4020-bb06-000e2e197203,getoneoveron.xxx,available,154.98,,64,0,15,namecheap,,
11248180-f047-44e4-9ade-a21ab56aeea5,airmarshal.xxx,available,154.98,,76,4,11,namecheap,,
112bb43c-c47f-4c99-b71e-e077bf3ed9ac,soulmusic.xxx,available,154.98,,78,7,10,namecheap,,
112be678-b67b-4478-8d6d-fe02ea6f0b9b,turnovers.xxx,available,154.98,,50,2,9,namecheap,,
114c6535-cbc9-4da5-9997-e27cc2c9881e,nearpost.xxx,available,154.98,,68,2,9,namecheap,,
116e1f63-3102-4af6-9f21-f24b157a1175,smallwords.xxx,available,154.98,,68,1,11,namecheap,,
116f9831-e2e1-4c9f-b8fe-062eff68e4bf,destinations.xxx,available,154.98,,72,14,12,namecheap,,
1174af53-86e6-4ed6-b3fa-4e93a2291bc7,fights.xxx,available,154.98,,55,9,6,namecheap,,
11a0af33-4b05-4343-be47-45113ca979a3,breads.xxx,available,154.98,,58,5,6,namecheap,,
11ac931e-a7d8-467e-8505-10002ed25a95,occurring.xxx,available,154.98,,70,2,9,namecheap,,
11c51c2a-43d2-4b23-bf10-ad02f43f67ca,takedown.xxx,available,154.98,,74,11,9,namecheap,,
11c9c245-8b9a-4caf-8296-5c474b9fe6be,cents.xxx,available,154.98,,56,9,5,namecheap,,
11e59bd5-ecde-41f9-a219-a673c73ca4c5,subsequently.xxx,available,154.98,,58,1,12,namecheap,,
11eafdde-d440-4a5b-bd78-695485634ef4,thousands.xxx,available,154.98,,56,5,9,namecheap,,
11ef3138-27c8-4ea1-982d-8c4c3613e803,comeright.xxx,available,154.98,,74,8,10,namecheap,,
11f389e5-efa8-4e7d-87eb-fda09a8ca011,getitoverwith.xxx,available,154.98,,50,1,16,namecheap,,
11fafdd8-46b7-404a-a8cc-529b53d1f0ff,streetcrime.xxx,available,154.98,,58,4,12,namecheap,,
12037466-6f96-45de-a54e-dfc2e58b58f2,waitfor.xxx,available,154.98,,74,5,8,namecheap,,
1209fdf8-913b-40a2-8787-d7caae83b442,description.xxx,available,154.98,,80,7,11,namecheap,,
12205bed-1a51-402b-b148-2ce49d60b711,announces.xxx,available,154.98,,58,2,9,namecheap,,
12272f0b-c875-443f-8910-fbdbac40def8,gohungry.xxx,available,154.98,,68,2,9,namecheap,,
1227ad93-d455-47ed-a695-d3c5da1c31a0,RiceBubbles.xxx,available,154.98,,60,1,12,namecheap,,
1230875c-1402-46a6-a36e-9d4b8c53dbf8,paths.xxx,available,154.98,,53,13,5,namecheap,,
1239d83c-5d89-481b-af1c-628e599e61a5,makeupfriend.xxx,available,154.98,,60,1,14,namecheap,,
1243643f-4373-4f73-a3f3-5bf6c29e86ce,howdoyedo.xxx,available,154.98,,52,4,12,namecheap,,
12556788-5068-4f8c-a8cc-7ff31630acc1,potentiality.xxx,available,154.98,,72,13,12,namecheap,,
125fc0df-9b19-4e01-9277-e483cfbdc8fe,pubichair.xxx,available,154.98,,61,4,10,namecheap,,
126c1b34-8165-49fe-b6a2-f8fe4a0ae75b,mouthwash.xxx,available,154.98,,72,6,10,namecheap,,
12748fa6-97fa-41da-9fe6-3b11ce02ac2f,chocolatetruffle.xxx,available,154.98,,76,1,17,namecheap,,
127731e0-3d40-4ca7-be51-1c16b9d3f101,burgerbun.xxx,available,154.98,,86,1,10,namecheap,,
1284959c-abbf-477b-9098-c77db7dcc779,ChineseNewYear.xxx,available,154.98,,78,14,16,namecheap,,
128e8c78-e658-4b8d-8fa9-a6c3077d45b3,Liam.xxx,available,154.98,,81,32,4,namecheap,,
1299f650-e634-4b7e-a2c0-9dd6a782a829,letoneoff.xxx,available,154.98,,77,1,11,namecheap,,
12a6797b-a6ee-48c2-9d4f-7264f07f25e1,haveon.xxx,available,154.98,,76,2,7,namecheap,,
12acc213-4096-4053-a599-933f3f38d245,runners.xxx,available,154.98,,78,16,7,namecheap,,
12ae08e0-b72d-4f3b-b8f2-0c7d4d054d88,lookthrough.xxx,available,154.98,,80,4,12,namecheap,,
12af64f0-9847-4e1d-865b-e50973814994,publicsector.xxx,available,154.98,,62,7,13,namecheap,,
12b2d42a-993b-463f-97d6-2b82a164764d,standardizing.xxx,available,154.98,,43,1,13,namecheap,,
12d7d941-b858-4ca3-a67f-30b9da8531bf,blewup.xxx,available,154.98,,44,1,7,namecheap,,
12f120e4-a577-4834-8af8-cbdadfd240a2,majorityparliament.xxx,available,154.98,,50,1,19,namecheap,,
12f50562-59c5-44b6-ab65-1497707cfabb,gonefishing.xxx,available,154.98,,72,7,12,namecheap,,
12fbd111-4d2b-41af-99cb-118cf6288678,letterofreference.xxx,available,154.98,,75,1,19,namecheap,,
12fe60e1-a1e1-44dc-8366-5f04a2ebcf85,breakingnews.xxx,available,154.98,,66,19,13,namecheap,,
13000df0-1501-486d-87f4-1f311a28c277,transparency.xxx,available,154.98,,86,23,12,namecheap,,
13025a3c-af6c-4507-9d2f-85b24a859662,atthemoment.xxx,available,154.98,,70,4,13,namecheap,,
13071c21-338a-4bdf-bcd6-95c952c61c9f,skateboarding.xxx,available,154.98,,64,11,13,namecheap,,
1314f413-91da-4d56-9610-b358763e9854,elephants.xxx,available,154.98,,68,9,9,namecheap,,
131e25d3-ee8a-480b-a7b7-63c8556a84f9,gooff.xxx,available,154.98,,68,4,6,namecheap,,
1328f4eb-cd0d-40a9-a66a-010a5763316e,barns.xxx,available,154.98,,50,7,5,namecheap,,
132f8962-fa7e-4854-8f7f-0e282b33c7fc,backwhen.xxx,available,154.98,,54,3,9,namecheap,,
133875a8-0ab1-4992-8389-f70d71a96031,pursues.xxx,available,154.98,,58,1,7,namecheap,,
135d0086-1157-4307-8d28-a9dc596a10bf,StFrancis.xxx,available,154.98,,72,6,11,namecheap,,
13600307-60aa-46ee-885e-06408f070ac3,dorightby.xxx,available,154.98,,78,7,11,namecheap,,
137d1e4e-5a4d-472b-a89f-98677058c70b,weddingcake.xxx,available,154.98,,85,5,12,namecheap,,
1391fcb3-80e9-4fd3-b93a-b1427100f347,chickenout.xxx,available,154.98,,74,1,11,namecheap,,
13a2aeb9-c5b7-4a79-927d-66456fe33eed,categorically.xxx,available,154.98,,50,2,13,namecheap,,
13a59aea-54b1-4bc3-b69a-90f5b2600d35,messed.xxx,available,154.98,,46,2,6,namecheap,,
13a766d6-ff6d-4953-baa8-ca42ab0336be,costcontainment.xxx,available,154.98,,42,2,16,namecheap,,
13a769dc-c82e-4752-8bc6-7cd87de35fee,rests.xxx,available,154.98,,52,5,5,namecheap,,
13ae54f0-751e-432d-9cba-93b438b3723a,CountyofWyandot.xxx,available,154.98,,42,0,17,namecheap,,
13b986e3-a94e-4987-b544-5c1d3c92cc04,Seals.xxx,available,154.98,,66,14,5,namecheap,,
13bc01db-e202-437f-972d-bc3a17dd0505,conveniencestores.xxx,available,154.98,,46,2,18,namecheap,,
13d32a20-d6c1-4388-b988-5c8574f35a32,recaptured.xxx,available,154.98,,48,2,10,namecheap,,
13e1241f-ee8e-46fe-a476-27a4e485309e,cycles.xxx,available,154.98,,52,13,6,namecheap,,
13e5569d-26e4-4faa-8ceb-c8ab1c9a5155,SouthAmerican.xxx,available,154.98,,66,10,14,namecheap,,
1404dc28-d213-4555-b464-eee6320132b1,MasterofArts.xxx,available,154.98,,60,7,14,namecheap,,
14182564-f05f-43a2-bfac-334b65be549a,neared.xxx,available,154.98,,52,1,6,namecheap,,
1424a03f-cdf3-41e3-b45e-e454ceee2d86,manycoloured.xxx,available,154.98,,60,1,13,namecheap,,
142b7bc2-f33e-431d-9944-52b75ae500fb,moneymakers.xxx,available,154.98,,60,9,11,namecheap,,
143b8825-065f-4308-81a0-bce2308a96c8,slightest.xxx,available,154.98,,56,1,9,namecheap,,
1454f620-d9a0-4a78-9a76-3cef9450870d,distinctivepaper.xxx,available,154.98,,72,1,17,namecheap,,
14579a9b-b039-458b-ab6f-365f1d4ffa2c,variations.xxx,available,154.98,,46,5,10,namecheap,,
146e376d-87d7-4ed9-ae81-a9a2282d01ba,alcoholusedisorder.xxx,available,154.98,,48,1,20,namecheap,,
1477b26d-1726-4123-bb05-63e0e2d4d6dd,stormed.xxx,available,154.98,,50,3,7,namecheap,,
148323fa-0d30-4d06-ac00-c780541a4c97,teenyweeny.xxx,available,154.98,,78,2,11,namecheap,,
14a267cb-2248-44f9-9be2-1c1fa710a725,gotothetoilet.xxx,available,154.98,,56,2,16,namecheap,,
14a7bf84-c2cc-430a-a658-2e5b22529720,cells.xxx,available,154.98,,61,13,5,namecheap,,
14ac6847-f297-45e6-a663-0181cee4386f,howcome.xxx,available,154.98,,58,8,8,namecheap,,
14b5823f-18d4-4891-8368-0ac9ff3c38fa,rapmusic.xxx,available,154.98,,78,5,9,namecheap,,
14c26ec0-a434-447b-ad63-b1ad8f3c362b,pins.xxx,available,154.98,,68,15,4,namecheap,,
14c4798f-29c7-4c70-94e0-e4bb0b78a9b7,yesno.xxx,resell,154.98,,48,15,6,"GoDaddy.com, LLC",12/05/2026 12:01,12/05/2027 12:01
14df5d8f-4826-4abb-882f-c3cced2f3eb6,highwater.xxx,available,154.98,,66,7,10,namecheap,,
14ee0055-5d2d-4089-b963-e30bef583cfc,getoutsideof.xxx,available,154.98,,66,1,14,namecheap,,
14f5f679-b2eb-4d22-ad35-b80ad78879b8,mockturtleneck.xxx,available,154.98,,67,2,15,namecheap,,
14f65d01-ab8e-42b2-a13f-7dfb805be497,senses.xxx,premium,310,,63,13,6,name.com,,
14ffc328-dc4c-47fd-97c7-bab7e0b191df,generalrelativity.xxx,available,154.98,,68,2,18,namecheap,,
152b4377-d48d-47fc-bcf6-1015b0954e2a,oneyearold.xxx,available,154.98,,78,1,12,namecheap,,
154335a8-7a9a-40a5-ab77-5739aa3a2563,motorvehicles.xxx,available,154.98,,42,1,14,namecheap,,
1549fb2a-409d-4224-a23f-2909097932b9,discjockey.xxx,available,154.98,,82,8,11,namecheap,,
154ae92f-0556-413c-994f-937a9638593f,atthebestoftimes.xxx,available,154.98,,70,0,20,namecheap,,
154e1e6e-8213-4dd8-9f44-ac928178d9d6,asoneman.xxx,available,154.98,,48,1,10,namecheap,,
155cb04f-7aaf-4235-a75a-7b841ca28cdf,chem.xxx,available,154.98,,74,24,4,namecheap,,
156462d8-4260-433f-bb87-d4943e91febc,spiders.xxx,available,154.98,,56,10,7,namecheap,,
1570f9cb-1d56-4c44-a45d-cca573c219b0,fundamentalscience.xxx,available,154.98,,66,2,19,namecheap,,
157e34d4-4c97-4d9d-9e03-ee6a7549fcab,changeover.xxx,available,154.98,,68,5,11,namecheap,,
1584ddc4-327c-4f09-947b-5248381fb5ac,pincushions.xxx,available,154.98,,52,1,11,namecheap,,
1595a417-febf-4605-aadf-1a467505cd34,outofhand.xxx,available,154.98,,63,9,11,namecheap,,
1597bb51-eb1f-40bf-a499-c083228b85ee,distresscall.xxx,available,154.98,,32,1,13,namecheap,,
1599017d-8670-4224-929d-f4c30103ab6c,failed.xxx,available,154.98,,60,11,6,namecheap,,
15ed63e5-b36a-46fb-9f60-1a0057101bc6,streetfighter.xxx,available,154.98,,62,8,14,namecheap,,
15f507d2-56d3-4536-ac33-a2187f7695ee,outcomes.xxx,available,154.98,,62,12,8,namecheap,,
15f72932-8661-44d8-a256-14ddd1121f0a,asthesayinggoes.xxx,available,154.98,,40,1,18,namecheap,,
161cb243-1ffb-4140-97c0-3bc8ef305241,noless.xxx,available,154.98,,62,4,7,namecheap,,
16212319-d644-4809-86c8-b20708ff61f2,allovertheboard.xxx,available,154.98,,42,1,18,namecheap,,
16221ea9-c40b-4a48-944a-e3d0a00931f2,thirdyear.xxx,available,154.98,,66,1,10,namecheap,,
162ed1a2-93e8-4327-8a5b-1e70e5155513,putitthere.xxx,available,154.98,,54,1,12,namecheap,,
1645ccb5-2752-45d9-964d-df32befdc4ef,WestBranch.xxx,available,154.98,,64,7,11,namecheap,,
164a8c43-bf4f-4007-80bb-51f5751f1996,havemercy.xxx,available,154.98,,80,2,10,namecheap,,
16502643-6e6b-4f0d-bcac-d4c3f8a83110,glances.xxx,available,154.98,,52,5,7,namecheap,,
165fa626-42b4-4ae4-9074-749f9bda6f1b,exclamation.xxx,available,154.98,,68,12,11,namecheap,,
167401d8-d106-4a18-868e-6726c3b5ccb1,cometolight.xxx,available,154.98,,68,1,13,namecheap,,
16832fe8-6130-4c44-a8f3-4bff4b147718,MasterofScience.xxx,available,154.98,,60,2,17,namecheap,,
1693e412-47de-457c-9616-595a389899e2,whitevinegar.xxx,available,154.98,,66,12,13,namecheap,,
169c5852-6709-4f7c-8f24-00435b1d4e93,pulls.xxx,available,154.98,,52,6,5,namecheap,,
16b11634-d779-4d2a-89c6-56009de47c3e,commonlaw.xxx,available,154.98,,68,7,10,namecheap,,
16f10e49-e896-426e-9750-a107e12cb09b,nostrils.xxx,available,154.98,,55,2,8,namecheap,,
17038f37-52c5-4243-b035-d112237e6a5c,standardscore.xxx,available,154.98,,42,1,14,namecheap,,
17046992-d575-4367-8c1d-0c9f44bf1889,DakotaCounty.xxx,available,154.98,,52,2,13,namecheap,,
170d6c41-323b-444f-a159-698b04ae3650,sellbydate.xxx,available,154.98,,68,1,12,namecheap,,
17154870-20ea-4d5e-922b-88c264afb794,pushabout.xxx,available,154.98,,70,1,10,namecheap,,
1716d332-3093-45d3-8605-8298e358c463,quotes.xxx,available,154.98,,58,29,6,namecheap,,
1718d4dc-1b4b-452d-95f4-043dbf6ce474,distributed.xxx,available,154.98,,64,21,11,namecheap,,
172acd39-3762-440a-903b-8a928a4723c0,deadlifts.xxx,available,154.98,,62,1,9,namecheap,,
173591bb-a7e4-4e34-b735-bf057b5c42b7,bodycavity.xxx,available,154.98,,66,1,11,namecheap,,
173fb0e8-208f-4f11-9712-1e94bd755087,fellowfeeling.xxx,available,154.98,,62,1,14,namecheap,,
17560cd0-5be1-4e8f-b64b-fd4da5d814ef,inplaceof.xxx,available,154.98,,58,1,11,namecheap,,
17839c1b-d2b6-4c1a-98c2-3de3a44d22ad,stretchout.xxx,available,154.98,,70,2,11,namecheap,,
1785ec6d-3367-44b6-a2d6-92c5bffe02bc,networks.xxx,premium,232.5,,60,20,8,name.com,,
1796c187-76b2-4373-bb07-844de3ab0d8b,onthetable.xxx,available,154.98,,68,5,12,namecheap,,
179bdcba-1a5c-46b3-a60a-5339f0fad0e5,mistakenidentity.xxx,available,154.98,,52,2,17,namecheap,,
17bc07d2-a105-430f-9c35-85c4362a1e9b,letslip.xxx,available,154.98,,76,1,8,namecheap,,
17dffb80-54bc-47ad-95cf-c4412b7ff3be,onthespot.xxx,available,154.98,,68,10,11,namecheap,,
17f158ce-ca05-4717-ad0e-72eefe16f8ad,bloodvessels.xxx,available,154.98,,48,1,13,namecheap,,
1801de82-30ff-4d15-976f-c4031fa576e4,trillionaire.xxx,available,154.98,,84,12,12,namecheap,,
180c2260-db36-4cf9-ac9f-94f1b1893895,getthis.xxx,available,154.98,,56,13,8,namecheap,,
1814b0e6-b13c-4ad4-ae9d-91561810da42,childofthekitchen.xxx,available,154.98,,60,6,20,namecheap,,
181735d9-99f0-479d-a520-f2ab484888bc,selections.xxx,available,154.98,,53,6,10,namecheap,,
1828eb34-c682-47c9-b2be-940ffa278de5,happiest.xxx,available,154.98,,64,10,8,namecheap,,
182964f2-1d10-4687-a840-fb58099b2205,dothemath.xxx,available,154.98,,72,4,11,namecheap,,
185199ff-ed51-41bb-bec5-54833f3f3604,relating.xxx,available,154.98,,72,5,8,namecheap,,
1876b07a-548d-4999-88e5-ff472a54981f,thereis.xxx,available,154.98,,62,4,8,namecheap,,
1890ed2e-4232-4b43-afc1-4e473d450019,manybodied.xxx,available,154.98,,68,1,11,namecheap,,
1895d7c3-2fb3-4846-8914-3a805bbe6ccd,dubstep.xxx,available,154.98,,74,8,7,namecheap,,
189a39d8-5642-4dbd-ad32-d1ca8f8ca539,mydearfellow.xxx,available,154.98,,49,5,14,namecheap,,
189b52a5-4e0a-47b3-b26e-cdf972e80e7c,characteristics.xxx,available,154.98,,52,2,15,namecheap,,
18a504f6-47a2-4afa-8bde-2bb41025221d,Yukongold.xxx,available,154.98,,73,6,10,namecheap,,
18c4a10e-cf1c-4bc9-8111-6398b1226815,decoders.xxx,available,154.98,,50,5,8,namecheap,,
18cd3d5f-b0b1-4c52-a136-bae2041e05ef,somuchso.xxx,available,154.98,,50,1,10,namecheap,,
18e79b0d-d78a-47fc-9d4f-f71baf59c824,athousand.xxx,available,154.98,,60,4,10,namecheap,,
190d0dda-61af-461b-89cb-22c844fcfd17,voicemail.xxx,available,154.98,,72,10,10,namecheap,,
190fff6d-fd3d-4b8a-b72e-f654d04b2e3a,theirs.xxx,available,154.98,,52,12,6,namecheap,,
1911c99d-5536-4b6d-ae4e-a8e45272acd1,getopen.xxx,available,154.98,,77,3,8,namecheap,,
19148162-ba2e-4959-a66f-aba493b2961e,Jody.xxx,premium,,,74,12,4,,,
1921b70c-cffd-4622-a5a6-7823a9e461f8,highpolitics.xxx,available,154.98,,62,0,13,namecheap,,
1921b962-2cff-46ab-9f97-73f9b5433ed0,goodGod.xxx,available,154.98,,82,6,8,namecheap,,
1922a96b-fe2e-4765-999c-283794ba4a78,keepnote.xxx,available,154.98,,48,2,9,namecheap,,
1952e5d4-56e0-43cc-8a6c-31811b289214,returned.xxx,available,154.98,,72,5,8,namecheap,,
19542767-3948-435f-af4a-a3f3d1912ec8,nothankyou.xxx,available,154.98,,78,5,12,namecheap,,
195705c7-6d9e-4fea-b8d7-f104f4246a96,takes.xxx,available,154.98,,55,10,5,namecheap,,
1958d4aa-d026-4156-b579-d6c20363e96e,commonguineapig.xxx,available,154.98,,48,3,17,namecheap,,
198624d2-c926-464c-830d-2edfea34a14e,setthescene.xxx,available,154.98,,68,3,13,namecheap,,
19ac851a-3e3b-4cbb-b02c-20188c4fec5d,reckoned.xxx,available,154.98,,50,1,8,namecheap,,
19c04989-c766-4116-ab1d-1c9238904c93,onthebasisof.xxx,available,154.98,,46,1,15,namecheap,,
19c0ffd6-10cb-4fb7-9df9-f060b88274db,noreally.xxx,available,154.98,,70,2,9,namecheap,,
19d188f8-28c1-4ed0-ad33-f3c86f6a7c31,HighRenaissance.xxx,available,154.98,,64,1,16,namecheap,,
19eb408c-26a8-4b45-a4c2-f986a36720ee,yougotthis.xxx,available,154.98,,58,15,12,namecheap,,
1a09a47f-290e-4429-acbb-e840d80cc67e,peppermintoil.xxx,available,154.98,,72,2,14,namecheap,,
1a0e2ae5-a098-419e-b179-baf344fcf443,onestepahead.xxx,available,154.98,,58,4,14,namecheap,,
1a180c52-2d0b-4e4c-a84f-23ad3fd9f4e1,countries.xxx,available,154.98,,60,10,9,namecheap,,
1a1b4ffa-7941-406b-8e74-aa9f4fa6b53d,footballhooliganism.xxx,available,154.98,,52,10,20,namecheap,,
1a2b9d69-4f5e-4e77-914b-e54ecf1ebfad,respecting.xxx,available,154.98,,56,3,10,namecheap,,
1a42a338-2774-4fb5-8905-150a6a875b56,havethefirstidea.xxx,available,154.98,,58,1,19,namecheap,,
1a50c7ac-beee-45f1-ac9d-7cd717d97704,childlabor.xxx,available,154.98,,56,8,11,namecheap,,
1a7c56d6-6e2c-4c4c-8976-d3e7a441e416,atthesightof.xxx,available,154.98,,46,1,15,namecheap,,
1ac1a8bd-9719-4d5a-8daa-4062f123d0f4,standupguy.xxx,available,154.98,,72,2,12,namecheap,,
1ac5cd2c-b0a2-47e1-a862-9747dfaf6572,setgoing.xxx,available,154.98,,56,2,9,namecheap,,
1ac62897-80ad-4f77-898e-c8401068656c,consumption.xxx,available,154.98,,72,6,11,namecheap,,
1aca63a9-119a-4aad-9542-b7b49efeb9f4,manyatimeandoft.xxx,available,154.98,,54,1,19,namecheap,,
1ad7b1da-9f4c-41c9-8634-5431cf5f950d,stadia.xxx,available,154.98,,66,22,6,namecheap,,
1af2a64e-0fc8-49ce-9769-fd3ed1474ff9,gonewiththewind.xxx,available,154.98,,40,4,18,namecheap,,
1afec79d-2e85-4d65-b9f1-90652dfa5b8e,whips.xxx,available,154.98,,52,7,5,namecheap,,
1b0eceba-9d23-4998-9449-3e7921bc6ec5,motorinsurance.xxx,available,154.98,,60,4,15,namecheap,,
1b127613-a6f8-42c7-aeb3-6a5caa5f51f1,thundered.xxx,available,154.98,,49,2,9,namecheap,,
1b2286b7-4241-4d2f-8937-5a65f7924c78,givecredit.xxx,available,154.98,,76,1,11,namecheap,,
1b2b1b7b-b801-47fa-a3fd-b674803343af,gorogue.xxx,available,154.98,,64,4,8,namecheap,,
1b2e67b6-cbf0-4d5f-a6cd-111f1361e777,feellike.xxx,available,154.98,,74,3,9,namecheap,,
1b311920-8e57-4718-885d-9e89a1e498a3,Christmascard.xxx,available,154.98,,72,5,14,namecheap,,
1b42965b-b1d8-4aea-94b2-72cfcd8cac88,pricecut.xxx,available,154.98,,68,5,9,namecheap,,
1b45b1e0-825b-46e9-9dc6-f50c9f2b2714,littleblackdress.xxx,available,154.98,,72,4,18,namecheap,,
1b6ba2da-75a4-4d64-800a-e7ec8e2a8225,muhfucka.xxx,available,154.98,,66,1,8,namecheap,,
1b737af3-ae7d-4142-ba80-be550b76b63a,alcoholproblem.xxx,available,154.98,,30,1,15,namecheap,,
1b765958-f276-4114-ae17-4abbfb3f0be1,tapon.xxx,available,154.98,,48,5,6,namecheap,,
1b7f539b-22c8-4ec0-9e3d-764cafb5055c,desktoptoy.xxx,available,154.98,,50,1,11,namecheap,,
1b829507-f89d-49dd-aae1-8ef3602d735d,sombudy.xxx,available,154.98,,62,1,7,namecheap,,
1b8b53ba-2616-40b5-b570-aaf3b7b303d5,intheoldtimes.xxx,available,154.98,,42,0,16,namecheap,,
1b9b6594-a90a-42f7-a6fc-628388b0e0a7,OurFather.xxx,available,154.98,,62,6,10,namecheap,,
1ba265e0-1b75-4393-87d6-135cfc74e5a5,towed.xxx,available,154.98,,50,4,5,namecheap,,
1ba6d8cb-d146-4ecf-a334-02b0d41819d2,engineering.xxx,available,154.98,,78,27,11,namecheap,,
1bafb8c8-76ae-4065-8907-eba21c92580d,differences.xxx,available,154.98,,52,4,11,namecheap,,
1bb20ad7-973a-4a82-8444-9e93f9f35fe4,becauseof.xxx,available,154.98,,62,3,10,namecheap,,
1bb4c329-1791-469d-bb8f-89e5df53711c,mostoften.xxx,available,154.98,,56,0,10,namecheap,,
1be76e6c-9d1c-4ffc-b5cd-9ba358382be2,alotof.xxx,available,154.98,,60,5,8,namecheap,,
1bf7a877-4458-4562-995b-f19ec078fa5f,controlling.xxx,available,154.98,,68,9,11,namecheap,,
1c0430ff-211f-463d-aa31-a61e643ab440,fours.xxx,available,154.98,,68,8,5,namecheap,,
1c3df0bb-1b01-42e0-89c5-f499651f4781,shareholders.xxx,available,154.98,,50,5,12,namecheap,,
1c409309-dc73-4c18-b827-e780ab5bb5fd,waitup.xxx,available,154.98,,63,2,7,namecheap,,
1c4136c8-3349-4aec-80e8-1a37895c0bc1,finds.xxx,available,154.98,,62,16,5,namecheap,,
1c4c5642-f7e5-4f52-adaa-fcb58c270832,thinktwice.xxx,available,154.98,,74,11,11,namecheap,,
1c50ea21-09c0-4377-8cbc-42e0a0c8df52,sickandtired.xxx,available,154.98,,54,4,14,namecheap,,
1c54d5b7-b437-41e8-a669-3243d52b48bb,Ikidyounot.xxx,available,154.98,,50,2,13,namecheap,,
1c5feccd-dab9-426d-98a8-6ebaf9fcb779,favours.xxx,available,154.98,,66,4,7,namecheap,,
1c8f212d-587e-4b65-b323-ed6ff6ae479d,royalties.xxx,available,154.98,,56,9,9,namecheap,,
1ca1abc8-b17a-4e24-8b78-b20809eff619,preliminarily.xxx,available,154.98,,41,1,13,namecheap,,
1caea13d-c679-47cd-b218-983cc00fa930,explains.xxx,available,154.98,,50,4,8,namecheap,,
1caf72bd-d7ce-4da2-a6a5-14fa7649110b,assoonaspossible.xxx,available,154.98,,50,1,19,namecheap,,
1cb5f72f-f5b2-429b-8d49-ee7ae03013b3,highspirits.xxx,available,154.98,,76,8,12,namecheap,,
1d0cc776-9e0f-478e-a1ae-9a420f9f2715,dotherightthing.xxx,available,154.98,,72,11,18,namecheap,,
1d192dd9-5302-4946-98a7-e792680fc91b,aboutto.xxx,available,154.98,,56,2,8,namecheap,,
1d2c9d42-9a3a-40c9-bd17-069aa19e33c4,herbaltea.xxx,available,154.98,,80,5,10,namecheap,,
1d413399-bafd-49c4-8687-5e6c0bc5c257,howsayyou.xxx,available,154.98,,52,1,11,namecheap,,
1d42086e-3854-4e56-b773-638b58b0dfaf,keepsecret.xxx,available,154.98,,48,2,11,namecheap,,
1d4ea792-2ec7-490a-9c23-9d6be2ef3835,televisionchannel.xxx,available,154.98,,66,1,18,namecheap,,
1d56bd72-b13c-441c-b859-b682a17a8c29,manytoone.xxx,available,154.98,,68,2,11,namecheap,,
1d5ead88-48d1-476f-a69e-5fcd5e5e7856,havenoneofit.xxx,available,154.98,,56,1,15,namecheap,,
1d675f54-918d-4832-8a28-d6abb69cc87f,instep.xxx,available,154.98,,72,7,7,namecheap,,
1d6b78d3-ef66-4cd6-9ebc-0d693581a789,sparkles.xxx,available,154.98,,62,15,8,namecheap,,
1d748d1b-8757-4e12-a516-7792350c06c1,tabs.xxx,available,154.98,,46,19,4,namecheap,,
1d785cbe-5767-4dc5-b594-55fbeff68e0a,arrows.xxx,available,154.98,,52,14,6,namecheap,,
1d82ec26-2e0a-4039-886e-a9c0baf97fa9,roadsign.xxx,available,154.98,,70,4,9,namecheap,,
1d87a760-d99f-4c7c-abb3-446220c1f03c,anticipated.xxx,available,154.98,,70,3,11,namecheap,,
1da3a648-f651-4be1-801a-9031f391343f,tbsp.xxx,available,154.98,,63,5,4,namecheap,,
1dbc1147-2086-4243-9046-d7d4146a3341,named.xxx,available,154.98,,74,11,5,namecheap,,
1dd1c04b-6308-46e3-9572-780ba1563e2e,orderout.xxx,available,154.98,,74,3,9,namecheap,,
1dd8492e-ec30-4c3e-88c0-c292ee0cb3fd,hotpepper.xxx,available,154.98,,74,9,10,namecheap,,
1dd8b14d-13c2-4baa-ae28-071921ec6164,vacations.xxx,premium,173.6,173.6,56,19,9,namecheap,,
1dd98838-86c6-4b56-b80b-c5c87eb5966c,schoolweek.xxx,available,154.98,,57,1,11,namecheap,,
1ddf548e-af6c-4aa9-827f-dd46abc23175,getoutof.xxx,available,154.98,,79,2,10,namecheap,,
1de0e42a-b33e-4fdd-956f-d9ef0ce1eccd,letterspacing.xxx,available,154.98,,63,1,14,namecheap,,
1df0880f-1092-485f-8e0d-0fe9301fbe00,exchanging.xxx,available,154.98,,50,5,10,namecheap,,
1df5d804-ee3c-4e04-aba2-224f5c0ac332,paparazzi.xxx,available,154.98,,71,12,9,namecheap,,
1df8b420-0dd8-4023-8629-29be52b0f82c,establishmentgrowth.xxx,available,154.98,,60,1,20,namecheap,,
1df99c50-f557-4f7d-b9c6-4c3dd6d114ae,divinejustice.xxx,available,154.98,,49,2,14,namecheap,,
1e1ec973-1c49-4ce6-9d7d-aadadc6307b2,exchanges.xxx,available,154.98,,50,11,9,namecheap,,
1e273968-8965-484c-b097-40c4389759da,resumed.xxx,available,154.98,,56,4,7,namecheap,,
1e339a75-d1fb-480c-b17e-a4aa6e5437b6,gummybear.xxx,available,154.98,,89,6,10,namecheap,,
1e407ef4-121e-4c6a-b7dc-d4cdf65a1044,newsarticle.xxx,available,154.98,,46,2,12,namecheap,,
1e4e994e-443d-4094-99b9-a3387dfe606e,approaches.xxx,available,154.98,,70,3,10,namecheap,,
1e4f58a1-0e0f-4bdc-b7e6-5455a89e0b73,parkin.xxx,available,154.98,,59,8,7,namecheap,,
1e63fe72-b565-47c7-b9df-2cf5529f566a,newatheism.xxx,available,154.98,,68,1,11,namecheap,,
1e69b21d-3a56-4462-9ed8-e282de7a2f72,outloud.xxx,available,154.98,,70,10,8,namecheap,,
1e73bd59-5ad9-4339-8822-2cabd155b631,goaroundincircles.xxx,available,154.98,,62,0,20,namecheap,,
1e79114c-e834-4d0f-b503-e85d2a744a4b,picks.xxx,available,154.98,,52,19,5,namecheap,,
1e7f1de5-0de8-4f58-ab25-67fe02d00046,pomegranates.xxx,available,154.98,,60,4,12,namecheap,,
1e82834e-0a75-40f8-ab4a-008a6dc76bec,finalfrontier.xxx,available,154.98,,76,7,14,namecheap,,
1e8eff5e-e031-4c57-bb50-a3066d0164a1,mopeabout.xxx,available,154.98,,61,0,10,namecheap,,
1eabed5d-c1c2-4677-87fc-75d7e669f3d6,comeunder.xxx,available,154.98,,70,1,10,namecheap,,
1eb354b1-83d2-421a-a7fe-5b9efb8d327e,letterofguarantee.xxx,available,154.98,,50,1,19,namecheap,,
1ec6b8be-05b6-4e41-84f8-60416065b135,postbox.xxx,available,154.98,,72,17,8,namecheap,,
1ec9c0eb-1068-4768-a271-7f916b28c04a,lunchware.xxx,available,154.98,,78,1,9,namecheap,,
1ecbd521-e974-4bf4-9999-f57b71ae2b6d,shells.xxx,available,154.98,,58,9,6,namecheap,,
1ed93c1c-9b42-407c-a159-7484d5303dd4,breastmilk.xxx,available,154.98,,74,4,11,namecheap,,
1eed7f80-6e57-4376-bac0-0e05ccd2be97,inhospital.xxx,available,154.98,,60,1,11,namecheap,,
1ef290c0-8bdd-4262-823e-11da598259f7,actiongame.xxx,available,154.98,,78,5,11,namecheap,,
1efd8645-3e35-4b46-aa32-9828c4802548,pillowcases.xxx,available,154.98,,54,2,12,namecheap,,
1f11cf73-1b33-4d13-a4b1-280fda989a86,favors.xxx,available,154.98,,76,8,6,namecheap,,
1f35d4d5-5f1d-48cc-9052-7746a4755242,justplainfolks.xxx,available,154.98,,64,1,16,namecheap,,
1f371a81-b30e-4457-9ddd-95000a425b8f,sofarsogood.xxx,available,154.98,,60,6,14,namecheap,,
1f3b3b18-99b6-4e97-ae7b-06e7c364cf07,oncemore.xxx,available,154.98,,61,12,9,namecheap,,
1f51f09f-259e-4bd1-91d4-abf422c9efc6,getoneselftogether.xxx,available,154.98,,49,1,20,namecheap,,
1f568479-b6e0-4255-b7fd-77a4940d878b,barbecues.xxx,available,154.98,,66,4,9,namecheap,,
1f593e08-5863-4b75-bb59-e7496dffc0f2,manymoonsago.xxx,available,154.98,,46,5,14,namecheap,,
1f68f4c1-c285-4bd7-a5fe-f06d47d03dcd,theboys.xxx,available,154.98,,76,19,8,namecheap,,
1f7414ba-663f-417b-951b-7e4ca177727b,carcoat.xxx,available,154.98,,80,2,8,namecheap,,
1f9f7e52-2991-4a01-a1b1-d7dec6eeed04,comeintoeffect.xxx,available,154.98,,70,0,16,namecheap,,
1f9fde00-b5c3-4c99-8789-e80efff9777c,Acup.xxx,available,154.98,,80,5,5,namecheap,,
1fb22523-c540-44d6-a015-9ed73c4cae84,givearing.xxx,available,154.98,,52,1,11,namecheap,,
1fb94576-97e7-4b1f-8af7-4cd2dee671c6,behaviouralscience.xxx,available,154.98,,66,3,19,namecheap,,
1fbc37b8-e871-4913-95ef-a8e4035ad83f,technicals.xxx,available,154.98,,52,6,10,namecheap,,
1fc75686-cbff-41a2-ba7c-ab0f31a2be9e,AcademyAwards.xxx,available,154.98,,68,3,14,namecheap,,
1fca83dc-a50d-418b-93ea-da53153a83d3,letusgo.xxx,available,154.98,,57,4,9,namecheap,,
1fcdcc51-ecdf-4a22-85af-61c629dc4049,specks.xxx,available,154.98,,44,5,6,namecheap,,
1fcf715a-74e3-474d-8acb-c47372566ead,touchdowns.xxx,available,154.98,,57,2,10,namecheap,,
1fd533bb-49ea-4460-9549-0c9fc2449252,justification.xxx,available,154.98,,62,5,13,namecheap,,
1fe4cbeb-9b7f-4fb4-8cb2-5b1319556013,pairofspecs.xxx,available,154.98,,62,1,13,namecheap,,
1fede80d-0926-467a-be62-e535295f6975,makesomenoise.xxx,available,154.98,,70,5,15,namecheap,,
200247fc-fbd5-49b6-bad4-08d6e4826cad,teastrainer.xxx,available,154.98,,77,1,12,namecheap,,
201ac4dc-26a7-4ff8-af95-dc33a77e8dba,makeitmakesense.xxx,available,154.98,,50,7,18,namecheap,,
202314cd-2a72-4b1a-a873-1aca99db0b3b,mentioning.xxx,available,154.98,,52,2,10,namecheap,,
20689ee1-e952-4787-b74d-c6cc39ff4700,champs.xxx,available,154.98,,56,16,6,namecheap,,
2070f48e-9d86-44d3-8bdc-554f8bb2afec,roommates.xxx,available,154.98,,58,14,9,namecheap,,
209bbff5-3c1b-4dc2-a6d7-4c7e3414d46c,keepittogether.xxx,available,154.98,,68,2,16,namecheap,,
20a66080-ab95-415b-b15c-a25f67a458cb,lettherebelight.xxx,available,154.98,,60,9,18,namecheap,,
20a78f2a-e104-4063-ab6e-fa5148bc80aa,supersize.xxx,available,154.98,,82,5,9,namecheap,,
20a927e7-00de-4c7e-977d-083cc2ecb5b9,lookunderrocks.xxx,available,154.98,,64,2,16,namecheap,,
20a95a48-3155-4c87-aafa-e780a56de931,watched.xxx,available,154.98,,74,7,7,namecheap,,
20c437fb-8846-46dd-b7cc-2e2b112631a9,ghosts.xxx,available,154.98,,48,14,6,namecheap,,
20d8e1f0-5b71-42c7-9094-619af7ab8cea,familybusiness.xxx,available,154.98,,68,9,15,namecheap,,
20deeef1-d74b-4fac-b2f4-68e2eca7c383,astimesgo.xxx,available,154.98,,48,0,11,namecheap,,
2100dfaa-bdb6-4ed0-8d86-ffb3fa6c4501,schoolbook.xxx,available,154.98,,70,5,11,namecheap,,
212faebf-7ab4-4218-b668-9445574ad53f,plated.xxx,available,154.98,,66,11,6,namecheap,,
2131ca13-3c54-4126-bacf-6aabd2128317,nonsmoking.xxx,available,154.98,,68,3,11,namecheap,,
213eaf73-634c-4d3e-b1fa-85ce93664c01,perks.xxx,available,154.98,,62,19,5,namecheap,,
2155044b-2a71-4c87-b59c-d0d2cc9b829c,BigMacsauce.xxx,available,154.98,,70,1,13,namecheap,,
2160afad-9532-4a61-89fe-f4e127e108c6,allset.xxx,available,154.98,,70,20,7,namecheap,,
21691a34-198b-4534-9a13-d82e0314e8d9,generaldisease.xxx,available,154.98,,36,1,15,namecheap,,
2176f74b-6121-4fcc-831d-4d90fa009a95,gobust.xxx,available,154.98,,68,1,7,namecheap,,
217c3ccb-2dd9-4c7b-b85b-58a3f44ee13e,howyousay.xxx,available,154.98,,56,1,11,namecheap,,
21932ac6-b276-4491-9cf1-7d9d7574b0d1,paced.xxx,available,154.98,,49,5,5,namecheap,,
21ae5c6b-7e46-4f2d-979e-a7a2db360a1c,letsomethingride.xxx,available,154.98,,67,1,18,namecheap,,
21b09f4a-6c03-4cfd-9c6b-d0eec17ce330,carrying.xxx,available,154.98,,74,3,8,namecheap,,
21b9b427-b64f-4a25-8015-eceb475cbf24,gotosleep.xxx,available,154.98,,72,3,11,namecheap,,
21d16f29-8b5a-4906-84aa-4739e5834365,pickover.xxx,available,154.98,,62,1,9,namecheap,,
21dff18c-ffb1-45d7-bae4-a001bb10f3b1,intheissue.xxx,available,154.98,,50,1,12,namecheap,,
21f28ce6-21ea-4814-962f-542ab1e799a6,thanksgiving.xxx,available,154.98,,84,13,12,namecheap,,
21f9b07f-fcf0-4ed8-bef4-5cb1d2a133a7,waytoo.xxx,available,154.98,,60,9,7,namecheap,,
21f9db49-27c0-43d8-a2b3-beffbeb81e90,demonstrates.xxx,available,154.98,,56,2,12,namecheap,,
2204748a-18b6-4595-9b4a-724d35c2b76c,carryout.xxx,available,179.99,,76,4,9,name.com,,
220f5b5d-824d-40b9-a8fa-77388bed6776,saddletree.xxx,available,154.98,,62,9,11,namecheap,,
22276192-8c0d-4c77-b6d6-9eea3cd77139,gets.xxx,available,154.98,,60,15,4,namecheap,,
222925fe-81dc-46b5-915b-662f43bdaac6,fundamentals.xxx,available,154.98,,74,15,12,namecheap,,
22447793-e8d5-4c9c-b8a0-87955e33ab8f,cherryblossom.xxx,available,154.98,,78,10,14,namecheap,,
224da263-6a34-4222-92d7-9e347c0265ee,quartertone.xxx,available,154.98,,70,3,12,namecheap,,
226584a4-5b68-42e5-90c8-4c4f05164e42,thinktoomuch.xxx,available,154.98,,60,7,14,namecheap,,
226909eb-7501-4694-8c24-642f230668b7,getwrong.xxx,available,154.98,,70,11,9,namecheap,,
22770e27-4c0b-4bb3-8a0c-427491f85eaf,establishedorder.xxx,available,154.98,,60,1,17,namecheap,,
227930be-02a1-4da5-92d8-4153e49c7d25,thinkabout.xxx,available,154.98,,77,9,11,namecheap,,
228c4d3c-5937-4e83-85bf-02c42a0a2d74,chiefofstaff.xxx,available,154.98,,60,9,14,namecheap,,
228ea6d8-45e6-4dc8-8c68-cb43078ac2a6,called.xxx,available,154.98,,68,15,6,namecheap,,
22974ae5-25a1-4195-8aa2-d25899915031,uptoanything.xxx,available,154.98,,52,1,14,namecheap,,
229ca1fa-a23c-4977-80d1-e3829884652d,dogsleds.xxx,available,154.98,,76,1,8,namecheap,,
22a1a1f9-e478-41d7-89bf-636ad9892cfa,knowof.xxx,available,154.98,,68,1,7,namecheap,,
22a7c809-09c5-40b3-be7f-dc214a2f8da8,DeadSea.xxx,available,154.98,,50,6,8,namecheap,,
22b40103-de60-4e53-ad42-0fc2a9bd469d,righted.xxx,available,154.98,,55,2,7,namecheap,,
22c8371f-609f-46b8-9017-48739364d1a9,coffeemaking.xxx,available,154.98,,72,2,13,namecheap,,
22d01f83-df73-47d7-9b25-8494c7017719,atthisjuncture.xxx,available,154.98,,63,0,16,namecheap,,
22e6df4e-a396-4538-9995-388ed700d59d,noseabout.xxx,available,154.98,,66,1,10,namecheap,,
22e78126-b913-4087-9ea0-e068a6b25c13,engagementring.xxx,available,154.98,,72,7,15,namecheap,,
22f12fc6-ac8a-429b-b17f-3f4923e23a5d,takeeffect.xxx,available,154.98,,70,0,11,namecheap,,
230f4b2b-9c88-4791-9d50-6fbac4ff27b9,producing.xxx,available,154.98,,60,6,9,namecheap,,
231317ba-a2cf-493e-bd11-4732972aef4c,oppositions.xxx,available,154.98,,48,2,11,namecheap,,
232da032-3457-41bc-8dc7-f8e9abc9b6fc,compilation.xxx,premium,310,,68,7,11,name.com,,
2332502e-7972-48eb-b7a0-7bbb41e5d657,StPetersburgh.xxx,available,154.98,,60,1,15,namecheap,,
233390ec-a33a-4378-82e6-8f404d23aecc,walkabout.xxx,available,154.98,,76,11,10,namecheap,,
233ba4d9-301b-4d5e-bdc1-d615e8a52757,headout.xxx,available,154.98,,82,6,8,namecheap,,
2341ee96-d043-4265-aae4-31be447af2b1,inregardto.xxx,available,154.98,,54,1,12,namecheap,,
2345790f-bb48-4f11-a20f-acb39c6e7d61,floormanager.xxx,available,154.98,,66,3,13,namecheap,,
2364dc89-706b-4978-b947-c1212e15c01d,gaps.xxx,available,154.98,,40,8,4,namecheap,,
23684d34-8a6a-465c-ba1a-c6177d6b6821,cattax.xxx,available,154.98,,68,2,7,namecheap,,
237b181a-d613-4d18-b416-8118595b0728,turntup.xxx,available,154.98,,76,2,8,namecheap,,
2391f28a-aa6c-4486-86bd-6a78097de06a,raisehell.xxx,available,154.98,,62,1,10,namecheap,,
23a140f4-d83e-46ee-9fb5-f8dbb9674f81,hitwith.xxx,available,154.98,,76,2,8,namecheap,,
23a8d4b5-b027-4930-866c-b12b2faac5c8,constructive.xxx,available,154.98,,70,16,12,namecheap,,
23afe758-b9bf-4a2f-9348-a9b3bf2375a7,setthestage.xxx,available,154.98,,66,3,13,namecheap,,
23d55cc8-1d6e-45b2-b51e-a9e5bf5bc30f,manycore.xxx,available,154.98,,68,3,8,namecheap,,
23ee0dfb-83b9-4259-9f75-f33f8d97e5a3,viceversa.xxx,available,154.98,,66,14,10,namecheap,,
23f11e04-0ecd-4907-a472-17b9c694bee3,cherryonthecake.xxx,available,154.98,,60,2,18,namecheap,,
23f63437-2fd5-4e52-97f9-8dc79335b978,makeswaves.xxx,available,154.98,,60,1,11,namecheap,,
23f6e009-1b02-4935-912e-64db6bf7cc40,theones.xxx,available,154.98,,43,6,8,namecheap,,
2413a5a5-d434-4606-9bc2-15ce31462f31,medicalreport.xxx,available,154.98,,60,2,14,namecheap,,
242564e6-0bb5-49a6-b7f9-b45af0f99c65,keypresses.xxx,available,154.98,,54,0,11,namecheap,,
243d5054-befd-4cab-a7c9-04d31998de30,professions.xxx,available,154.98,,50,6,11,namecheap,,
245491ab-5e3e-41f5-98e3-2d9e38e22e15,MexicoCity.xxx,available,154.98,,70,14,11,namecheap,,
247b1438-b0ce-480f-a0ec-82770138ae27,chalkboards.xxx,available,154.98,,52,2,11,namecheap,,
249c36f3-cdfe-43a1-9317-fd2ad822d50f,asyetunknown.xxx,available,154.98,,54,10,14,namecheap,,
249ce437-df46-4241-8233-8e6b6abd0d10,droppingin.xxx,available,154.98,,70,2,11,namecheap,,
24aaff1d-1dac-4d8a-a2be-6caa3776cc4d,tourists.xxx,available,154.98,,58,7,8,namecheap,,
24b46a09-82cd-4132-8512-430cfda8933d,velocities.xxx,available,154.98,,52,4,10,namecheap,,
24b5cdf7-311c-4b72-964f-8625b51a7689,allowed.xxx,available,154.98,,75,6,7,namecheap,,
24b8e44b-095a-4706-9c09-4d53c1782dd7,cometoanend.xxx,available,154.98,,62,1,14,namecheap,,
24bdd130-7f3d-4c5b-be30-8b3b4dc5d4d4,thisandthat.xxx,available,154.98,,48,16,13,namecheap,,
24c17ba7-1a06-4458-8dfd-63954f607c1e,pours.xxx,available,154.98,,46,5,5,namecheap,,
24c423a7-b5ed-4e6e-8a9c-6b1d1aa547b1,nauseousness.xxx,available,154.98,,58,1,12,namecheap,,
24cb1d0e-2f5c-4c9f-893c-c667503ce378,makesure.xxx,available,154.98,,82,9,9,namecheap,,
24e254cd-7147-4f17-89b8-92c4fbbb59c0,topfive.xxx,available,154.98,,52,9,8,namecheap,,
25040d12-b7d1-4d7d-9e54-814918206cfe,dateofdeath.xxx,available,154.98,,56,1,13,namecheap,,
2504e57b-2e0f-4f45-9624-7bf5d8bfe88e,subsidiaries.xxx,available,154.98,,51,2,12,namecheap,,
251e8a2d-e200-4df1-b040-e7a3c7219cce,sideburns.xxx,available,154.98,,76,3,9,namecheap,,
2520f15a-2472-488f-9ad9-80cd7b629fd2,hairdryer.xxx,available,154.98,,78,6,10,namecheap,,
25352700-cc8a-4d2d-a859-436a9376afb6,longhaired.xxx,available,154.98,,63,2,11,namecheap,,
2556235a-8473-479c-9a37-97eb5f8e622e,pairofshades.xxx,available,154.98,,65,0,14,namecheap,,
255bd24c-7775-4fc9-a1b2-738b371e7f0e,passinggrade.xxx,available,154.98,,64,1,13,namecheap,,
255fc408-a970-4c69-b227-d850b177e816,gowiththeturf.xxx,available,154.98,,66,0,16,namecheap,,
25704303-8ca2-4482-8c4b-a0e0780d4bf4,gonowhere.xxx,available,154.98,,62,2,10,namecheap,,
25936b1b-da85-464e-aa62-25408c220cd6,vergeon.xxx,available,154.98,,68,1,8,namecheap,,
2595af76-6ad9-4059-b189-9a4b524e6273,reprimanded.xxx,available,154.98,,42,1,11,namecheap,,
25a7a3d8-bc8e-449f-9261-016ae5f812be,hardatwork.xxx,available,154.98,,78,2,12,namecheap,,
25be80ca-74a3-41e3-a584-560100b6246d,Rounds.xxx,available,154.98,,72,12,6,namecheap,,
25c2606c-77d8-4080-9b63-71769d2fc3fb,rootabout.xxx,available,154.98,,66,1,10,namecheap,,
25ed2295-4a06-4ac7-8ac4-bb1f321c5a26,toothdecay.xxx,available,154.98,,62,3,11,namecheap,,
25f058b2-f5ab-4958-88f2-917c85a6d376,steroids.xxx,available,154.98,,50,10,8,namecheap,,
25fa7e8d-9c66-47fa-bbd9-4d1536acce4e,subsets.xxx,available,154.98,,54,3,7,namecheap,,
260b42b2-7afa-4e64-a182-2fa5dd9dfc05,setaside.xxx,available,154.98,,75,3,9,namecheap,,
260dc0b9-0345-4f3a-96d5-7aafb1e5fd47,keyrings.xxx,available,154.98,,56,3,8,namecheap,,
261b75d1-d615-4df7-ba99-17419153b975,outsideof.xxx,available,154.98,,52,1,10,namecheap,,
261efa7d-ebca-407a-acdb-286cab68cbf5,familyrestaurant.xxx,available,154.98,,66,2,17,namecheap,,
26393259-f5ed-4419-8d8e-73b868d0539d,cometo.xxx,available,154.98,,74,8,7,namecheap,,
2691808a-25ea-49cc-8629-5e9da29e29c0,motorsports.xxx,available,154.98,,74,13,11,namecheap,,
2693431b-04a2-464a-bb88-7922c84d5966,letterofrecall.xxx,available,154.98,,63,1,16,namecheap,,
269376b7-e6a6-4667-9b09-1d09bdaaaaa7,woops.xxx,available,154.98,,74,8,5,namecheap,,
269675b3-9728-408f-a109-0b4838f25249,Amazonlilies.xxx,available,154.98,,50,1,13,namecheap,,
2698eff2-80a2-4ff6-8660-2d031c987656,cheeseontoast.xxx,available,154.98,,64,1,15,namecheap,,
26a47e9e-07ec-40aa-981d-729b924207cf,demonstration.xxx,available,154.98,,66,10,13,namecheap,,
26c2e62d-9945-4553-9a37-db3f1de7830f,solongas.xxx,available,154.98,,52,2,10,namecheap,,
26c51cd8-9a33-4aa8-9fe1-b53896853580,breastbone.xxx,available,154.98,,68,1,11,namecheap,,
26c55d24-e97e-4790-b60d-1984f57b941b,chickensalad.xxx,available,154.98,,76,3,13,namecheap,,
26d6606d-cd32-4934-8c2e-707ddacd477e,airpollution.xxx,available,154.98,,56,3,13,namecheap,,
26d9d692-78c8-498b-84bb-bcad66ba04ad,winterblues.xxx,available,154.98,,65,1,12,namecheap,,
26dabcce-49e3-438d-ae89-ac207a2973b3,issuedate.xxx,available,154.98,,74,1,10,namecheap,,
26df8221-28de-4791-82b2-750d151125c4,edamame.xxx,available,154.98,,80,9,7,namecheap,,
27024a8f-3f50-48e2-9974-913193ed0885,surroundings.xxx,available,154.98,,75,4,12,namecheap,,
2719858a-8091-4e6d-a4c4-775b76e834ab,exclaimed.xxx,available,154.98,,50,2,9,namecheap,,
2721ab7f-36ab-4899-8570-f7abefaa93c2,socialliberal.xxx,available,154.98,,60,2,14,namecheap,,
27243431-5d2f-45b5-9098-c0ab5254d084,operated.xxx,available,154.98,,68,2,8,namecheap,,
27297d6e-31cc-4d7f-a0fe-0f94c779eaae,breakoutroom.xxx,available,154.98,,62,2,13,namecheap,,
2733b9ec-6b56-48c0-8736-f0b467179e1d,goplatinum.xxx,available,154.98,,76,1,11,namecheap,,
27376bfc-47e5-4794-bb3e-2abbbd763df7,clickbait.xxx,available,154.98,,66,12,9,namecheap,,
273d0abe-0af3-4b35-b33a-5503032dda6e,whitesnow.xxx,available,154.98,,76,14,10,namecheap,,
2791ba03-e981-4176-a8e9-42c8b2631d72,biteme.xxx,available,154.98,,62,11,7,namecheap,,
279a48db-83ba-4189-bce2-ee7c21128f27,imutation.xxx,available,154.98,,76,1,10,namecheap,,
27b3b9ef-c11e-40a8-81a4-002d75884fdd,cheeseit.xxx,available,154.98,,54,2,9,namecheap,,
27baa7ba-4234-4f97-8827-caf6ca11103a,seniorcollege.xxx,available,154.98,,67,1,14,namecheap,,
27cd601a-7aee-4c26-a328-0c04a73e849a,officecleaner.xxx,available,154.98,,41,1,14,namecheap,,
27dba41d-3e9a-4771-99e1-637ba3b6df57,costofmoney.xxx,available,154.98,,60,1,13,namecheap,,
27e4325b-d865-47b2-863c-c7deda740be6,officials.xxx,available,154.98,,49,8,9,namecheap,,
27ef77fc-e542-4d85-a25f-c914ec35a5a8,changethegame.xxx,available,154.98,,68,6,15,namecheap,,
27f3435a-fcb8-4da4-a097-21ffbf73393a,billofrights.xxx,available,154.98,,70,3,14,namecheap,,
27fa854c-84d0-4895-ac0b-4af17422239f,accountstatement.xxx,available,154.98,,62,1,17,namecheap,,
280ad87a-a5e1-46b5-b1a6-c3fd68b39761,whoareyou.xxx,available,154.98,,50,11,11,namecheap,,
280bf9a7-a6ac-4e54-a86b-435b288d6710,WestCoast.xxx,available,154.98,,70,21,10,namecheap,,
2820a769-6036-4a48-9d2f-fefd8ffbae42,penandink.xxx,available,154.98,,76,7,11,namecheap,,
28281d45-ecb5-4dc4-8f0b-de3edba8648d,childendangerment.xxx,available,154.98,,48,6,18,namecheap,,
28312485-3e01-46bf-989e-58f2df6f4007,characterised.xxx,available,154.98,,48,1,13,namecheap,,
28320f9f-10ee-4727-9528-472ef2351cca,copypronoun.xxx,available,154.98,,76,1,12,namecheap,,
28352965-9323-43a9-a194-690a97cfc8b1,twits.xxx,available,154.98,,46,3,5,namecheap,,
283c273e-036d-42be-a4dd-6c809b9ef2f2,mattresses.xxx,available,154.98,,56,8,10,namecheap,,
2857010c-b5cc-4f32-bd08-3d195c200e81,highseas.xxx,available,154.98,,74,6,9,namecheap,,
285d92ab-e6fa-42dd-940c-b6e2d1e29b86,dogsbark.xxx,available,154.98,,76,1,9,namecheap,,
28661471-e554-4dd9-a464-0b5044f50f23,dowell.xxx,available,154.98,,76,12,7,namecheap,,
28796ac9-c04d-4da2-9207-df0b8f9f5f65,filets.xxx,available,154.98,,66,2,6,namecheap,,
28a7829f-9349-4736-a54e-3cbcd501f239,deadofnight.xxx,available,154.98,,52,2,13,namecheap,,
28b776ee-38c6-4d6a-b2ae-60211cbbb347,chickenstrips.xxx,available,154.98,,74,2,14,namecheap,,
28b8ca94-836a-4e98-ad4b-1f519babb1b6,notfor.xxx,available,154.98,,45,5,7,namecheap,,
28ce2e16-4f49-48e8-bd34-2bbff5979d07,StPauls.xxx,available,154.98,,72,6,8,namecheap,,
28d371bd-36ed-41ff-a8e8-d26461c7edba,StrongCity.xxx,available,154.98,,72,4,11,namecheap,,
28e40b0f-04c9-4513-8f3b-f409a3185b77,saveface.xxx,available,154.98,,78,5,9,namecheap,,
28e7ab1b-3d93-4a23-8c46-91518cf452da,taketheknee.xxx,available,154.98,,61,2,13,namecheap,,
28f68897-eb33-422d-8da8-7f6a2ed79f16,scoopup.xxx,available,154.98,,68,3,8,namecheap,,
28f80434-4168-4b46-bb75-516af40eaa6a,freezingrain.xxx,available,154.98,,50,2,13,namecheap,,
29331286-c6cf-4936-9b6d-a57937602c57,comerunning.xxx,available,154.98,,74,1,12,namecheap,,
29337708-35c0-479e-b25e-055d05814a97,gettothebottomof.xxx,available,154.98,,66,1,20,namecheap,,
29424566-efa1-42d7-a445-67fd838e9447,toobad.xxx,available,154.98,,49,8,7,namecheap,,
29470e8f-fbeb-404d-bc83-5ff946c93722,letsomeoneloose.xxx,available,154.98,,52,2,17,namecheap,,
2953e889-a0e8-4d29-961c-034b769ec4f5,homes.xxx,available,154.98,,86,34,5,namecheap,,
2956b451-13d1-487d-93e2-0fca1596348f,eachtohisown.xxx,available,154.98,,46,0,15,namecheap,,
296f1af9-5355-47a4-812c-9532648e5cb3,gaslit.xxx,available,154.98,,64,6,6,namecheap,,
296f694f-d741-4f3f-ba2b-7fe4c82ea5c7,overwhelmed.xxx,available,154.98,,48,5,11,namecheap,,
29931723-2579-4293-a5d7-c958ba0cb49a,imagination.xxx,available,154.98,,84,33,11,namecheap,,
29b3e938-2bdb-4ebf-aa68-5ea2927f30a3,stepoff.xxx,available,154.98,,68,2,8,namecheap,,
29c0f76d-896c-4e06-bccf-ce40236d6523,PopeGregoryI.xxx,available,154.98,,28,1,14,namecheap,,
29c9decf-42c2-45b0-9bd5-4dc4e757bc35,bemother.xxx,available,154.98,,74,7,9,namecheap,,
29cff786-792f-43d4-849c-fd3891b7d2d3,concerts.xxx,resell,,,68,12,8,"Blue Razor Domains, LLC",06/12/2011 18:51,06/12/2026 18:51
29d260a2-2145-4063-8aa3-8357d05ef242,gearup.xxx,premium,310,,80,16,7,name.com,,
29e498fb-323f-45fa-bacb-26ea99f9139e,surebet.xxx,available,154.98,,82,8,8,namecheap,,
29ed6226-ea33-4ed0-8673-8936c0b03a3c,WikiLeaks.xxx,available,154.98,,53,13,9,namecheap,,
29f661df-3641-49e0-9827-d35e0365591e,RGB.xxx,available,154.98,,76,30,3,namecheap,,
2a027d24-bb78-4822-9c06-7c795fc7959f,playlists.xxx,available,154.98,,60,10,9,namecheap,,
2a02c164-fc8a-4a05-b6b9-018ddecfccb0,costofliving.xxx,available,179.99,,62,5,14,name.com,,
2a0d5c36-d560-45e7-b833-bba583294212,responds.xxx,available,154.98,,58,3,8,namecheap,,
2a0dcdb2-1e53-423c-a49b-db92413fe83c,HarleyDavidson.xxx,available,154.98,,78,9,15,namecheap,,
2a181b48-aa2b-4e66-b235-b5430cf37116,Germanchamomile.xxx,available,154.98,,72,1,16,namecheap,,
2a18da5d-0ae8-4cde-bbd5-93cbe127b217,estateagency.xxx,available,154.98,,42,4,13,namecheap,,
2a1cd7ad-7b81-4b9c-b493-9bbe33ea06ee,Romannumerals.xxx,available,154.98,,58,2,14,namecheap,,
2a263244-f722-4558-97c9-830cd6f1fd60,generalformulae.xxx,available,154.98,,44,0,16,namecheap,,
2a32b3d6-bd85-40a1-82b9-c0d3b090d697,moveup.xxx,premium,310,,79,14,7,name.com,,
2a334f9a-02d6-4352-a656-3d3c06b26fd8,getovertheline.xxx,available,154.98,,69,1,17,namecheap,,
2a391705-41d5-45bb-bb5b-dbeb3d050bd1,setanexample.xxx,available,154.98,,78,7,14,namecheap,,
2a49c247-7c99-45e1-83ef-9860643144b9,notalittle.xxx,available,154.98,,60,1,12,namecheap,,
2a911b4b-5917-4328-9335-8eee6fbfe3b6,overs.xxx,available,154.98,,49,6,5,namecheap,,
2a921021-8125-49a6-887d-71d8276427b3,subjects.xxx,available,154.98,,54,5,8,namecheap,,
2aa187d0-d307-4306-ae68-f97c8550e822,herbsandspices.xxx,available,154.98,,54,3,16,namecheap,,
2aac231b-5391-444d-992b-cabadefe3465,vaccination.xxx,available,179.99,,74,9,11,name.com,,
2ae69c1d-acdf-4b01-8956-8b60a34ecac9,calculators.xxx,available,154.98,,54,16,11,namecheap,,
2b0dbca5-f451-4115-8c12-2509355584b0,communityspirit.xxx,available,154.98,,72,2,16,namecheap,,
2b12e84f-973e-477b-8c83-b61c9f9356e5,pieces.xxx,available,154.98,,62,12,6,namecheap,,
2b159dd6-13bf-41a8-83ff-e7b7c277daa3,comeround.xxx,available,154.98,,76,1,10,namecheap,,
2b215b72-30df-4d8d-8604-c2d0c2874f1d,finalsalary.xxx,available,154.98,,66,1,12,namecheap,,
2b2f3560-09da-4be2-825a-613f3e3a5b55,minimumwages.xxx,available,154.98,,52,1,13,namecheap,,
2b3a83fc-fb19-47d6-9140-5afa2e5807ad,distinction.xxx,available,154.98,,80,11,11,namecheap,,
2b3eeee7-8547-4401-974b-0812457efd24,intandem.xxx,available,154.98,,72,7,9,namecheap,,
2b415baa-a9ff-4eba-a48b-7591d80605fc,Serbs.xxx,available,154.98,,51,2,5,namecheap,,
2b418276-4460-481b-bcd6-a345a63b12db,headtohead.xxx,available,154.98,,66,4,12,namecheap,,
2b4306d0-b151-42a3-bda9-889d00e44dae,yeahnah.xxx,available,154.98,,54,11,8,namecheap,,
2b4615ed-d271-4e1d-be03-c31c2a6521d1,privateeye.xxx,available,154.98,,53,4,11,namecheap,,
2b4feb98-62a8-4d01-9d2e-586ab39011ab,generalstudies.xxx,available,154.98,,72,2,15,namecheap,,
2b604d9c-6aef-4ba6-8b14-b4ed9d6f896d,bloodpressuregauge.xxx,available,154.98,,48,1,20,namecheap,,
2b646f57-b682-4aef-8aea-189720647c74,generals.xxx,available,154.98,,52,6,8,namecheap,,
2b6b9eac-ae8a-4994-9b18-d6e47c1df10b,accountspayable.xxx,available,154.98,,62,4,16,namecheap,,
2baebb80-049d-4202-a98e-a4f27e9cdb26,uncles.xxx,available,154.98,,54,5,6,namecheap,,
2be17ebc-9e1f-4dc9-b9bf-bcd84f3b858a,diehards.xxx,available,154.98,,48,3,8,namecheap,,
2bef966d-1e8e-489f-a16f-61d2bdb20a6a,dothejob.xxx,available,154.98,,74,1,10,namecheap,,
2bf4b791-de76-495f-a80a-e04f68793b14,thisinstant.xxx,available,154.98,,65,7,12,namecheap,,
2bf86ddf-2fce-45ab-82c1-bf29dff67d7e,WestCountry.xxx,available,154.98,,62,9,12,namecheap,,
2c14fa9a-82d0-4405-9cd2-6ac08c645727,makeovers.xxx,available,154.98,,62,3,9,namecheap,,
2c298144-d357-4343-8b59-e8d55390dc21,rescheduling.xxx,available,154.98,,70,1,12,namecheap,,
2c49ba2a-ac21-4923-93cb-68f13f417d19,bulletinboard.xxx,available,154.98,,62,5,14,namecheap,,
2c52ed2c-01cc-452b-bbd2-98cb7c594c60,generations.xxx,available,154.98,,56,20,11,namecheap,,
2c611cef-c319-41fb-b5b0-0700b8b99e53,weddings.xxx,available,154.98,,64,18,8,namecheap,,
2c6c198f-dbe3-4cd1-89d8-eccd6758bdfd,reaches.xxx,available,154.98,,70,5,7,namecheap,,
2c6c20b7-6014-4eae-8000-5550718f4de5,Sundays.xxx,available,154.98,,61,17,7,namecheap,,
2c6c4f77-f60d-4eca-8d1b-e7a9e7b7c5f6,thethingis.xxx,available,154.98,,48,2,12,namecheap,,
2c8e9b17-542c-468c-aa61-08f744ba05cf,demotions.xxx,available,154.98,,46,1,9,namecheap,,
2c9c4eae-f442-45b7-be1e-ca4c726c5c99,CountyTyrone.xxx,available,154.98,,42,2,13,namecheap,,
2ca27a97-73ae-48de-85e2-561a2bffb8b9,underestimated.xxx,available,154.98,,42,6,14,namecheap,,
2ca38d46-08ca-457f-b3f7-423413b32b2f,businessventure.xxx,available,154.98,,72,3,16,namecheap,,
2ca5ce29-3cf0-4e6e-b432-18bfaa827c08,childsextourism.xxx,available,154.98,,30,1,17,namecheap,,
2cae8653-8a7c-4b0f-8f8d-66b3ca2b9e92,prowlers.xxx,available,154.98,,40,2,8,namecheap,,
2cb4737f-9b51-43a1-8315-29edd47c0be8,Icouldeatahorse.xxx,available,154.98,,50,1,19,namecheap,,
2ccb2842-49a1-47fb-b7d4-93c5fe003e05,presentation.xxx,available,154.98,,76,19,12,namecheap,,
2cd7231e-c1dd-4a66-8915-bf266f4871f8,leavetown.xxx,available,154.98,,58,1,10,namecheap,,
2cdb5e17-873e-4fec-b4a1-c8b32f2104c4,kissmyass.xxx,available,179.99,,62,4,11,name.com,,
2cdc98ee-8ee2-4e6e-b2cb-e02fa1162c4f,photographed.xxx,available,154.98,,54,3,12,namecheap,,
2cf4ab01-b13b-48bf-a215-284dc34aa1a3,myGod.xxx,available,154.98,,74,9,6,namecheap,,
2cf6a856-0726-43e5-b5be-45948c4513e4,takepart.xxx,premium,232.5,,80,5,9,name.com,,
2d390018-e2f0-400c-b91a-d2224d41ad1a,oranything.xxx,available,154.98,,44,1,11,namecheap,,
2d3d9ec0-7ee2-415e-badf-6ac9fc298b15,synchronise.xxx,available,154.98,,78,3,11,namecheap,,
2d44a71e-cc6d-490e-bfc5-0712abd75de3,aboveground.xxx,available,154.98,,64,6,12,namecheap,,
2d51320f-16ad-4377-9dc1-a1d7a8567876,backyard.xxx,available,154.98,,80,27,9,namecheap,,
2d6fbac8-ca48-4a9b-8352-e7dc5833350d,forests.xxx,available,154.98,,60,11,7,namecheap,,
2d7324bc-a371-43b2-bb0c-559a31455007,rollwithit.xxx,available,154.98,,56,5,12,namecheap,,
2d75754e-461b-47c0-bae4-21f335abbdd2,pratabout.xxx,available,154.98,,66,1,10,namecheap,,
2d9789ef-e917-45ef-ba55-8401eb22a362,regionalism.xxx,available,154.98,,64,1,11,namecheap,,
2d97e12d-25d0-44b2-ac22-6f466260afe4,shoulders.xxx,available,154.98,,60,9,9,namecheap,,
2daf0da6-ad82-443c-8888-e761effe2485,twentyeight.xxx,available,154.98,,65,8,12,namecheap,,
2dbfc88b-602a-4904-b387-563afde45652,Germanfries.xxx,available,154.98,,82,1,12,namecheap,,
2dd4cb77-45a3-42b8-944d-c5527d3fa0a6,IamwhatIam.xxx,available,154.98,,50,9,14,namecheap,,
2dd8b74b-7428-4ab5-8c1e-79e890fe99e0,wrinkles.xxx,available,154.98,,55,4,8,namecheap,,
2de1b9bd-01e8-4be1-b2f2-385baa3e0cd3,talkof.xxx,available,154.98,,48,2,7,namecheap,,
2dec2731-611f-4dec-a61f-7ef6ef11f43c,posterpaint.xxx,available,154.98,,74,2,12,namecheap,,
2dfa7c6e-b59f-4b7b-b31b-17d5c7764025,letpast.xxx,available,154.98,,75,1,8,namecheap,,
2e1e80d2-7be8-41db-81c4-aa2d66895c0a,GreatBarrierReef.xxx,available,154.98,,64,4,18,namecheap,,
2e2441c7-e086-490c-8453-6cf6c08944c5,sets.xxx,available,154.98,,52,11,4,namecheap,,
2e2fe99a-35b4-4b4e-997a-f5409654f549,radioactivity.xxx,available,154.98,,56,4,13,namecheap,,
2e2ffbb5-eaec-404f-9563-247c69054732,barbecuesauce.xxx,available,154.98,,76,2,14,namecheap,,
2e54aecc-6451-49e9-adc6-76ce53e866b7,Ibegyourpardon.xxx,available,154.98,,50,8,17,namecheap,,
2e5ce297-a212-4c24-afb8-f9715c8e28f2,alters.xxx,available,154.98,,52,6,6,namecheap,,
2e5cfd82-ef1b-4a9f-b867-60fa3ab6077f,getoffon.xxx,available,154.98,,76,0,10,namecheap,,
2e5db5c3-293c-4334-bdaf-004bad13306c,ladiesfirst.xxx,available,154.98,,58,6,12,namecheap,,
2e821a86-32d8-4602-b2e2-23d32abc3ade,conducted.xxx,available,154.98,,54,2,9,namecheap,,
2e98fe7d-a1aa-4048-af6b-7fc441a1d50e,haveover.xxx,available,154.98,,74,1,9,namecheap,,
2eb6f833-284d-4074-8d51-31037ca83716,putintowords.xxx,available,154.98,,66,1,14,namecheap,,
2ec82c98-ac56-4f09-93f1-339ef99e459e,Phil.xxx,available,154.98,,78,40,4,namecheap,,
2edee894-65e5-4b3c-b940-d0f74294f332,aneyeforaneye.xxx,available,154.98,,42,2,17,namecheap,,
2ee11a87-2122-4f0d-adc0-d7ac1cad3042,chickpeas.xxx,available,154.98,,62,3,9,namecheap,,
2ef3f8ca-f412-4b45-8dd2-6fedd676d904,segregation.xxx,available,154.98,,62,2,11,namecheap,,
2f060007-b98f-4fdf-ae7c-73cd33727ada,gaslighting.xxx,available,154.98,,68,6,12,namecheap,,
2f0dac01-752c-4be9-91bc-3462b0655efe,wrote.xxx,available,154.98,,60,6,5,namecheap,,
2f1e6b29-c7dc-4ae1-aae4-c95483308f71,hanginthere.xxx,available,154.98,,54,3,13,namecheap,,
2f2a66a9-f432-4726-926f-25eced88fb95,breathalizer.xxx,available,154.98,,67,1,12,namecheap,,
2f316f8a-a3e0-408e-9a04-b3f9e7742c4d,storytellers.xxx,available,154.98,,66,12,12,namecheap,,
2f3dd8c2-6daa-413a-8135-3bb16e0ebd6f,GrandMarnier.xxx,available,154.98,,70,3,13,namecheap,,
2f637359-6d86-4548-9424-25c127891337,coffeepotful.xxx,available,154.98,,72,1,13,namecheap,,
2f6f7d52-e572-4ccd-b760-1ff069cc70ec,havethehotsfor.xxx,available,154.98,,60,4,17,namecheap,,
2f7f0b40-10b0-4c28-9818-fc26509b04af,stating.xxx,available,154.98,,72,3,7,namecheap,,
2f808f9f-9455-46de-a241-62f740f457a5,werewolves.xxx,available,154.98,,44,7,10,namecheap,,
2f8a1dbc-aa89-4536-97a1-83c4ee56c824,likenightandday.xxx,available,154.98,,48,1,18,namecheap,,
2f8c8b3b-be44-4ac0-8ae3-cd0a1582682c,seekout.xxx,available,154.98,,77,4,8,namecheap,,
2fa4978f-fbfe-4640-8cbd-d56b0e1c045b,treeoflife.xxx,available,154.98,,88,21,12,namecheap,,
2fa76cd2-4574-4356-ba64-15a91598e821,ifthecapfits.xxx,available,154.98,,55,1,15,namecheap,,
2fb5da5f-9aa3-4a8f-be16-91f574dc4cf5,asked.xxx,available,154.98,,76,7,5,namecheap,,
2fcd4f3c-28ce-4d7f-bfa1-f1a542e2f639,wannabet.xxx,available,154.98,,62,6,9,namecheap,,
2fd7d384-b561-49ba-b86b-c5a170cfbcd1,rehabs.xxx,available,154.98,,51,8,6,namecheap,,
2fd7f53e-e12d-4753-b411-7d4b8d57d59c,boarded.xxx,available,154.98,,66,4,7,namecheap,,
2fec4b51-055c-42bf-b279-2a4ddfc43cc8,takealeak.xxx,available,154.98,,63,1,11,namecheap,,
2ff90d7b-245b-41da-85e7-d1e7f08db3ad,costprice.xxx,available,154.98,,70,4,10,namecheap,,
300dc0e8-72ab-4d16-87ef-e65ecc95ca9c,eachtime.xxx,available,154.98,,56,2,9,namecheap,,
3026109b-4a91-4cd4-be04-9c148a2c9c88,pushup.xxx,available,154.98,,72,9,7,namecheap,,
30268204-c79c-4a80-87f6-46d08045d0ff,gothedistance.xxx,available,154.98,,66,5,15,namecheap,,
30287110-957b-432a-94fd-660995e5d524,goodgame.xxx,available,154.98,,60,23,9,namecheap,,
302bdf64-3225-493e-8d20-a76a4f71c705,classicalguitar.xxx,available,154.98,,76,7,16,namecheap,,
302cca11-f23a-492d-8851-58d03de89c36,changeplaces.xxx,available,154.98,,62,0,13,namecheap,,
3035535b-8d1e-4be9-9655-41ec9dd776d5,collars.xxx,available,154.98,,58,6,7,namecheap,,
3050c650-e69a-4ab7-820b-bf588b5a280a,savingsaccount.xxx,available,154.98,,68,3,15,namecheap,,
305f2675-6133-41b4-9278-069df1f37e1d,tickets.xxx,available,154.98,,64,34,7,namecheap,,
30632995-13b1-4d35-bc30-8904525f3ce7,commonpractice.xxx,available,154.98,,66,4,15,namecheap,,
308e4e44-cd34-47f4-a5da-43d9b58e6f45,havewords.xxx,available,154.98,,68,1,10,namecheap,,
3096076a-b369-4fd4-a0d4-89fde8a67dd3,getthewordout.xxx,available,154.98,,69,1,16,namecheap,,
309a3870-59be-4692-ba66-7ddbebcda873,putonthemap.xxx,available,154.98,,66,1,14,namecheap,,
30c8a0ae-6ecb-4575-b7cc-d3561a0f7ff2,dropabombshell.xxx,available,154.98,,58,0,16,namecheap,,
30d2f34e-2c7c-45ae-9524-488f6b3589db,taxswap.xxx,available,154.98,,60,1,8,namecheap,,
30ff5194-a6c5-4474-b202-6d2dd8319d35,generalofthearmy.xxx,available,154.98,,66,1,19,namecheap,,
310bfc5d-b317-49bc-86e8-75a365ad9008,leaveoffice.xxx,available,154.98,,58,0,12,namecheap,,
3124ada0-d377-4215-906a-3120df99c93c,scissored.xxx,available,154.98,,64,1,9,namecheap,,
313b1fcf-91dc-4f87-8480-c34b6b2aefcf,publicservant.xxx,available,154.98,,68,2,14,namecheap,,
315230ab-8f26-47dd-bc17-a35884b9042c,soldiers.xxx,available,154.98,,58,6,8,namecheap,,
315a7f61-7b0f-4ec4-8641-d89ee1abce76,grandfatherinlaw.xxx,available,154.98,,76,5,18,namecheap,,
315c0aa9-b519-44f3-9048-cb056e01dd18,taxes.xxx,available,154.98,,46,19,5,namecheap,,
3160f537-2b5f-4e28-bd5d-7a5745c9a1f7,stands.xxx,available,154.98,,54,11,6,namecheap,,
31617209-9f5c-4286-ad2b-3f73f2728dcd,gooutside.xxx,available,154.98,,84,6,10,namecheap,,
317ea355-54c5-4e7c-9f45-f955c43e8826,calculations.xxx,available,154.98,,52,4,12,namecheap,,
3180fe8f-52c7-4b9c-ae17-90f2b2aae3f3,justyet.xxx,available,154.98,,54,11,8,namecheap,,
3182ad7f-6d50-4818-ba2b-cbe877e7cad3,letwellalone.xxx,available,154.98,,47,1,14,namecheap,,
319f33a1-0d3a-4147-9286-ae1f896d247e,wordis.xxx,available,154.98,,60,2,7,namecheap,,
31a011a0-7a0a-4952-8e52-d5a2ca2c2866,techniques.xxx,available,154.98,,50,5,10,namecheap,,
31abe73a-5aa5-4070-9d98-4b5536e898ff,gotto.xxx,available,154.98,,54,6,6,namecheap,,
31ae62be-e2c3-44de-a668-a071d67f2183,parkertruss.xxx,available,154.98,,48,1,12,namecheap,,
31b5b3c7-602f-4366-bfbd-09ccbbf91ad4,pizzaplace.xxx,available,154.98,,56,3,11,namecheap,,
31c104a6-3b3f-4d15-911b-4edc02f49c0e,firstgrade.xxx,available,154.98,,76,3,11,namecheap,,
31c15299-6d37-475e-b60e-adad2c937a87,shoparound.xxx,available,154.98,,80,3,11,namecheap,,
31d03c8c-bd03-490a-a88d-0b8f9f75bc53,godown.xxx,available,154.98,,74,5,7,namecheap,,
31d1df92-5eaa-4ac5-ba79-f9b5bd38b1da,howdo.xxx,available,154.98,,58,13,6,namecheap,,
31d2938f-9461-4e19-876d-09d26d3966ac,makethebestof.xxx,available,154.98,,72,1,16,namecheap,,
31dc42ae-7b2c-4bc6-9b84-2b29765c62dc,howareyou.xxx,available,154.98,,66,17,11,namecheap,,
31e15766-b4b8-4d08-a3d7-41071bd132fc,nowonder.xxx,available,154.98,,78,3,9,namecheap,,
31f9c606-c894-4092-8b15-d9d5269924c9,thereagain.xxx,available,154.98,,52,7,11,namecheap,,
3209f324-bf74-4451-8874-11e12c4c584d,dowithout.xxx,available,154.98,,68,1,10,namecheap,,
320affbb-dc17-40a9-9002-bd67a2fa25b6,sportsday.xxx,available,154.98,,80,4,10,namecheap,,
3216aafa-58b7-46bd-8bff-721e56c9169c,Ihaveafever.xxx,available,154.98,,50,1,14,namecheap,,
321b193e-0199-424d-bb95-42b87d1cc1b9,midmorning.xxx,available,154.98,,80,1,11,namecheap,,
3229bdc8-a3f7-4529-845a-9ce49c328c11,GoldenValley.xxx,available,154.98,,58,6,13,namecheap,,
32479a16-3fbc-4ce7-a8e9-209f24ed7669,godking.xxx,available,154.98,,74,12,8,namecheap,,
324b9b71-2437-431f-ba72-c90f91bb8dbe,iftruthbetold.xxx,available,154.98,,54,1,16,namecheap,,
324ebfa3-16b9-4e34-8135-7e29c8c276ac,tasks.xxx,available,154.98,,66,24,5,namecheap,,
3255f9e5-4beb-4b70-914e-fb00f82ebeba,letterpatent.xxx,available,154.98,,61,1,13,namecheap,,
32598c02-88df-4001-8108-f3ce4a4b971e,performed.xxx,available,154.98,,58,3,9,namecheap,,
325db95c-0454-4136-ade1-5ebdda899688,SurfCity.xxx,available,154.98,,75,10,9,namecheap,,
326b358f-c9ed-41e6-8a4c-bc3bee9465f8,coverart.xxx,available,154.98,,78,9,9,namecheap,,
328b0256-3a83-47d7-88e3-d2040d562607,inspiration.xxx,available,154.98,,88,30,11,namecheap,,
328c998e-4971-4dca-8213-bdf17071ccce,justyouwait.xxx,available,154.98,,46,1,13,namecheap,,
32a15c7c-a4e5-4e18-8cbe-a0d9a48dd36f,techweek.xxx,available,154.98,,74,12,9,namecheap,,
32a802ca-4bd1-46c8-91ce-b396223ed15c,templates.xxx,available,154.98,,54,17,9,namecheap,,
32d2bd33-10d4-4159-8a70-a09f34cf0f49,exercisebicycle.xxx,available,154.98,,66,1,16,namecheap,,
32d4ff93-1da5-4168-8af2-6fe7375de70b,storyteller.xxx,available,154.98,,82,25,11,namecheap,,
32ed0e95-bf1c-468c-94e5-de0baf06040a,rosegold.xxx,available,154.98,,80,9,9,namecheap,,
32ed17d6-3074-49e3-bf52-ede44a029c84,letus.xxx,available,154.98,,79,13,6,namecheap,,
32f1f9e0-3dc8-46d6-8661-75b3929cbe87,howmany.xxx,available,154.98,,58,10,8,namecheap,,
32fc031e-0001-4df2-8410-f1ad3d27ebf0,StAugustine.xxx,available,154.98,,64,7,13,namecheap,,
330057fe-40b0-478c-a10a-7523a9b856f1,brosbeforehos.xxx,available,154.98,,38,1,15,namecheap,,
33017fbf-b8de-45ef-81a8-70b0271cc417,lentils.xxx,available,154.98,,56,4,7,namecheap,,
3301df46-9808-4c0c-afcb-94bfb1e12700,inlovewith.xxx,available,154.98,,66,4,12,namecheap,,
33086448-df74-4448-9d79-853f6df44d03,WestBay.xxx,available,154.98,,60,11,8,namecheap,,
330ddf75-6d84-4f54-9c0b-049938ebb96d,whatittakes.xxx,available,154.98,,58,9,13,namecheap,,
331d61ea-be80-4ac4-ad6e-d8b927f9d6b6,volunteers.xxx,available,154.98,,62,12,10,namecheap,,
33269902-4c83-4bb2-ac09-199e847bdf82,proxyfight.xxx,available,154.98,,44,1,11,namecheap,,
332ed67b-bd4a-4d51-af2e-53206ab3049a,threats.xxx,available,154.98,,44,8,7,namecheap,,
332f1f0f-b514-4a9b-b609-777c47232bdb,fitinto.xxx,available,154.98,,84,2,8,namecheap,,
333834c9-a38b-4eed-bb1d-627cdfed4909,closein.xxx,available,154.98,,78,2,8,namecheap,,
3341d535-c37f-462a-b56e-cf2e1425d14b,gelpen.xxx,available,154.98,,82,1,7,namecheap,,
33453d5b-4e90-4982-adf9-5d7a6456d5f8,hairwax.xxx,available,154.98,,76,3,8,namecheap,,
334bb372-fe15-4532-8503-97371a45a8bb,standup.xxx,premium,310,,78,19,8,name.com,,
33616e47-f059-4f10-8948-bd679773c62f,manystemmed.xxx,available,154.98,,68,1,12,namecheap,,
3373ee7e-8a29-4f89-a1f8-764d997bca74,inoperation.xxx,available,154.98,,74,1,12,namecheap,,
33860ef6-c3ec-41d0-9a37-88e35f0b9239,makeupsex.xxx,available,154.98,,56,2,11,namecheap,,
338b0706-50c2-4ff1-9ca5-827b1d02a892,pantihose.xxx,available,154.98,,70,2,9,namecheap,,
338b7dab-6ff5-4c91-b38b-d063e2a35a8d,coffeecake.xxx,available,154.98,,80,2,11,namecheap,,
33952b11-e8ae-4e89-8a2a-eb9a0f895a91,costefficient.xxx,available,154.98,,60,1,14,namecheap,,
3395d932-5c5b-4fcf-bb12-3c708c751f7b,showered.xxx,available,154.98,,63,3,8,namecheap,,
3396f11c-1cd1-4a13-bb36-10ad73435c67,inmyview.xxx,available,154.98,,48,2,10,namecheap,,
33970d64-94d7-4d72-8bb4-0bb929c93b27,statutoryrape.xxx,available,154.98,,46,1,14,namecheap,,
33cfdbb2-9eba-46b3-b365-39bbbd62cd1d,generalequilibrium.xxx,available,154.98,,62,0,19,namecheap,,
33dae2b6-8e84-4837-b800-7c213edd4155,takeabreak.xxx,available,154.98,,86,8,12,namecheap,,
33f6b5f5-639c-4cb1-9bc7-4016d2efbe7c,regarded.xxx,available,154.98,,68,6,8,namecheap,,
33fe56b1-c9ab-4db6-811a-217b8aaae93f,makeupartist.xxx,available,154.98,,76,5,13,namecheap,,
340d43e9-248b-4971-a958-a37cfb8a9e1a,droppingoff.xxx,available,154.98,,52,1,12,namecheap,,
341b9329-17c5-4b20-9f60-f6df6143dd5e,chiefofpolice.xxx,available,154.98,,42,0,15,namecheap,,
341d5961-7399-4595-b858-c2bcb44c9afd,generating.xxx,available,154.98,,54,6,10,namecheap,,
34200106-2bfd-4723-be10-0a58739d061d,goingout.xxx,available,154.98,,54,5,9,namecheap,,
342288a9-1575-4cfe-a750-5e915bb666d7,makeupremover.xxx,available,154.98,,70,2,14,namecheap,,
3477f44e-e93b-4d9d-bc83-e709ebe2c79d,dogsbodies.xxx,available,154.98,,76,1,10,namecheap,,
3479797c-aa39-4f61-997c-6e16164d72a0,getup.xxx,available,154.98,,82,14,6,namecheap,,
347a8985-13ac-43f2-9c26-18a6f34c5e09,tablets.xxx,available,154.98,,68,11,7,namecheap,,